time,open,high,low,close
1391524200,10.6,11.6,10.35,10.5
1391610600,10.75,12.29,10.65,12.29
1391697000,12.04,14.13,11.95,13.89
1391783400,14,14.24,13.5,14
1392042600,13.99,14.21,13.85,14.17
1392129000,14.24,14.25,13.64,13.8
1392215400,13.75,13.8499,13.5,13.65
1392301800,13.4,13.69,12.55,12.67
1392388200,12.5,13.46,12.5,12.8
1392733800,12.55,13.05,12.08,12.32
1392820200,12.35,12.47,12.011,12.13
1392906600,12.06,12.3,11.76,12.2
1392993000,12.11,12.31,12,12.05
1393252200,12,12.11,11.83,11.93
1393338600,11.8,12.65,11.8,12.59
1393425000,12.59,13.91,12.25,13.1
1393511400,13.14,13.42,13.11,13.3
1393597800,13.29,14.7,13.1722,14.4
1393857000,14.35,14.74,14.03,14.71
1393943400,14.78,15.25,14.61,14.95
1394029800,14.94,15.65,14.5,14.74
1394116200,14.69,14.85,14.5,14.55
1394202600,14.76,14.794,14.5,14.57
1394458200,14.58,15.15,14.58,14.98
1394544600,14.93,15.1,13.83,14.03
1394631000,13.89,14.26,13.5,14.05
1394717400,14.18,14.45,13.67,14.18
1394803800,13.97,14.25,13.61,13.69
1395063000,13.66,14.27,13.55,14.2
1395149400,14.24,15,14.1,14.8
1395235800,15.23,15.25,14.66,14.84
1395322200,14.85,15.16,14.708,14.95
1395408600,15,15.18,14.88,15.08
1395667800,15.08,15.1386,14.24,15.01
1395754200,15.1,15.1,14.682,14.94
1395840600,14.9,14.97,14.79,14.86
1395927000,14.89,15.04,14.72,14.9
1396013400,14.96,15.03,14.81,14.99
1396272600,15.01,15.14,14.79,15.02
1396359000,15,15.7,14.85,15.7
1396445400,15.68,15.79,15.43,15.65
1396531800,15.72,15.72,15.262,15.56
1396618200,15.54,15.55,15.1,15.29
1396877400,15.2,15.25,15,15.1
1396963800,15.08,15.22,14.8875,15.21
1397050200,15.1,15.7198,15,15.28
1397136600,15.31,15.65,15.12,15.28
1397223000,15.13,15.3,14.85,14.93
1397482200,14.95,15.14,14.55,14.76
1397568600,14.83,14.93,14.51,14.93
1397655000,14.98,15.035,14.78,15
1397741400,14.93,15,14.69,14.82
1398087000,14.7,14.9699,14.7,14.9
1398173400,14.87,14.99,14.76,14.9
1398259800,14.82,14.85,14.69,14.69
1398346200,14.76,14.81,14.65,14.73
1398432600,14.72,14.77,14.36,14.42
1398691800,14.42,14.79,14.26,14.33
1398778200,14.32,14.32,13.79,13.98
1398864600,13.95,14.37,13.86,14.27
1398951000,14.05,14.06,13.1,13.92
1399037400,13.92,14.16,13.82,13.97
1399296600,13.86,14.225,13.84,14.04
1399383000,13.99,14.1,13.92,13.96
1399469400,13.98,14.08,13.5701,13.65
1399555800,13.63,13.8,13.45,13.62
1399642200,13.45,13.59,13.35,13.5
1399901400,13.48,13.98,13.4301,13.77
1399987800,13.7,14.1601,13.6807,13.95
1400074200,13.88,13.99,13.82,13.9
1400160600,13.9,13.9691,13.62,13.72
1400247000,13.67,13.75,13.59,13.64
1400506200,13.64,13.6775,13.25,13.51
1400592600,13.44,13.64,13.321,13.5
1400679000,13.47,13.7,13.47,13.59
1400765400,13.57,13.7,13.49,13.6
1400851800,13.54,13.65,13.53,13.6
1401197400,13.57,13.87,13.5301,13.76
1401283800,13.7,14,13.64,13.97
1401370200,13.93,14,13.83,13.97
1401456600,13.93,14.04,13.9,13.97
1401715800,13.91,14.01,13.91,13.97
1401802200,13.9,14.11,13.9,14.05
1401888600,13.99,14.13,13.9001,14.02
1401975000,14.05,14.56,14,14.47
1402061400,14.47,14.66,14.38,14.6
1402320600,14.52,14.75,14.48,14.63
1402407000,14.55,14.63,14.44,14.59
1402493400,14.51,14.6,14.451,14.5
1402579800,14.47,14.589,14.35,14.41
1402666200,14.41,14.45,13.9755,14.24
1402925400,14.23,14.29,13.96,14.1
1403011800,14,14.11,13.88,14.03
1403098200,13.94,14.03,13.91,13.96
1403184600,13.9,14,13.7275,13.81
1403271000,13.82,13.94,13.57,13.79
1403530200,13.74,13.74,13.28,13.41
1403616600,13.35,13.37,12.89,13.16
1403703000,13.16,13.57,13.16,13.54
1403789400,13.51,13.745,13.41,13.63
1403875800,13.59,14.17,13.55,13.66
1404135000,13.59,14.2,13.59,14.11
1404221400,14.09,14.21,13.82,14.15
1404307800,14.15,14.25,14.02,14.15
1404394200,14.15,14.25,14.0101,14.22
1404739800,14.14,14.25,14.02,14.25
1404826200,14.2,14.32,13.863,14.29
1404912600,14.29,14.31,14.14,14.3
1404999000,14.03,14.41,13.99,14.26
1405085400,14.21,14.5,14.21,14.49
1405344600,14.52,15.04,14.42,14.98
1405431000,14.95,15.04,14.53,14.61
1405517400,14.61,14.726,14.221,14.52
1405603800,14.42,14.59,14.42,14.49
1405690200,14.42,14.72,14.27,14.7
1405949400,14.58,14.76,14.47,14.69
1406035800,14.67,14.69,14.38,14.46
1406122200,14.53,14.7,14.45,14.55
1406208600,14.51,14.6499,14.29,14.4
1406295000,14.33,14.44,14.21,14.31
1406554200,14.28,14.37,14.16,14.23
1406640600,14.22,14.465,14.2,14.35
1406727000,14.36,14.47,14.13,14.16
1406813400,14.23,15.2,14.23,15.06
1406899800,15.08,15.09,14.62,14.75
1407159000,14.89,15.37,14.78,15.32
1407245400,15.28,15.75,15.1438,15.47
1407331800,15.43,15.84,15.33,15.41
1407418200,15.41,15.525,14.95,14.98
1407504600,14.64,14.8,14.483,14.7
1407763800,14.78,15.43,14.78,15.27
1407850200,15.19,15.24,14.95,15.05
1407936600,15.05,15.28,14.98,15
1408023000,14.99,15.12,14.82,15.03
1408109400,15.18,15.45,15.01,15.36
1408368600,15.68,16.53,15.62,16.45
1408455000,16.52,17.134,16.5,16.77
1408541400,16.69,16.7,16.24,16.35
1408627800,16.31,16.37,16.06,16.18
1408714200,16.12,16.65,15.99,16.49
1408973400,16.68,17.2325,16.54,17.08
1409059800,17.18,17.21,16.9744,17.12
1409146200,17.1,17.53,17,17.45
1409232600,17.42,17.48,17.22,17.4
1409319000,17.37,17.56,17.134,17.47
1409664600,17.59,17.8599,17.44,17.74
1409751000,17.87,17.94,17.52,17.72
1409837400,17.8,17.95,17.48,17.5
1409923800,17.45,17.71,17.3,17.68
1410183000,17.66,17.66,17.35,17.57
1410269400,17.44,17.44,17,17.27
1410355800,17.27,17.54,17.05,17.34
1410442200,17.26,17.42,17.25,17.37
1410528600,17.31,17.45,17.14,17.3
1410787800,17.35,17.35,16.45,16.97
1410874200,16.93,17.03,16.71,16.97
1410960600,16.97,17.03,16.61,16.76
1411047000,16.28,16.4,16.11,16.15
1411133400,16.36,16.69,16.2102,16.4
1411392600,16.43,16.62,16.42,16.54
1411479000,16.55,16.59,16.24,16.37
1411565400,16.35,16.71,16.22,16.68
1411651800,16.86,17.266,16.77,16.84
1411738200,16.94,17.03,16.72,16.87
1411997400,16.8,17.27,16.8,17.24
1412083800,17.24,17.355,16.48,16.63
1412170200,16.64,16.64,15.82,16.24
1412256600,16.29,16.31,15.76,16.25
1412343000,16.42,16.8482,16.19,16.8
1412602200,16.8,16.88,16.47,16.6
1412688600,16.53,16.94,16.386,16.87
1412775000,16.88,17.15,16.4,17.14
1412861400,17.18,17.18,16.48,16.64
1412947800,16.52,16.81,15.98,16.45
1413207000,16.65,17.36,16.41,16.91
1413293400,17.01,17.5,16.92,17.48
1413379800,17.45,17.6,16.55,17.27
1413466200,16.9,17.1,16.674,16.73
1413552600,16.85,17.029,16.4,16.5
1413811800,16.31,16.64,16.23,16.31
1413898200,16.29,16.54,16.24,16.29
1413984600,16.23,16.47,16.09,16.11
1414071000,16.24,16.915,16.036,16.89
1414157400,16.96,17.06,16.85,17.02
1414416600,16.93,17.04,16.66,16.83
1414503000,16.92,17.51,16.73,17.42
1414589400,17.26,17.53,16.81,16.91
1414675800,16.97,18.4,16.97,18.39
1414762200,19.77,19.77,18.9601,19.06
1415025000,19.12,19.275,18.74,18.79
1415111400,18.87,19.18,18.74,18.77
1415197800,18.78,18.99,18.57,18.97
1415284200,18.93,19.01,18.62,18.93
1415370600,18.65,18.71,18.24,18.66
1415629800,18.76,19.13,18.45,18.92
1415716200,18.95,19.0699,18.71,18.92
1415802600,18.93,19.33,18.8772,19.12
1415889000,19.24,19.55,18.99,19.06
1415975400,19.08,19.2,18.776,19.12
1416234600,19.08,19.14,18.4,19
1416321000,19.11,19.26,18.83,18.87
1416407400,18.81,18.82,18.28,18.42
1416493800,18.44,18.83,18.379,18.75
1416580200,19.06,20.05,18.89,19.96
1416839400,20.05,20.74,20.011,20.31
1416925800,20.51,20.69,19.95,20
1417012200,20.09,20.49,19.9572,20.45
1417185000,20.55,20.67,20.31,20.32
1417444200,20.62,21.65,20.32,21.6
1417530600,21.69,22.07,21.19,21.44
1417617000,21.54,21.69,21.22,21.5
1417703400,21.48,21.6596,21.07,21.45
1417789800,21.55,22.37,21,22.14
1418049000,22.12,22.34,21.76,22.03
1418135400,21.86,22.5,21.8,22.5
1418221800,22.46,23.025,22.28,22.8
1418308200,22.8,23.55,22.76,23.41
1418394600,23.22,23.91,22.97,22.99
1418653800,23.2,23.62,22.25,22.86
1418740200,22.91,23.61,22.89,23.22
1418826600,23.26,23.96,23.26,23.8
1418913000,24.07,24.35,23.88,24.13
1418999400,24.09,24.52,24,24.33
1419258600,23.92,24.4547,23.62,23.94
1419345000,23.98,24.11,23.45,23.61
1419431400,23.63,24.21,23.63,24.15
1419604200,24.29,24.403,24,24.09
1419863400,24.07,24.37,23.58,23.59
1419949800,23.56,23.89,23.45,23.59
1420036200,23.6,23.72,23.41,23.63
1420209000,23.67,24.01,23.1,23.29
1420468200,23.16,23.6,22.88,23.35
1420554600,23.62,23.62,21.813,22.1
1420641000,22.17,22.27,21.3401,21.52
1420727400,21.61,22.17,21.609,22
1420813800,21.95,22.63,21.75,21.96
1421073000,22.03,22.84,21.77,22.42
1421159400,22.62,23.05,21.81,22.33
1421245800,21.01,21.3,20.55,20.8
1421332200,20.98,21.23,20.65,20.77
1421418600,20.75,21.39,20.75,21.35
1421764200,21.39,21.39,21,21.21
1421850600,21.29,21.39,21.07,21.25
1421937000,21.39,21.59,21.21,21.45
1422023400,21.39,21.96,21.39,21.83
1422282600,21.81,22.4,21.4917,22.32
1422369000,22.04,22.33,21.88,22.29
1422455400,22.43,22.87,22.31,22.36
1422541800,22.42,23.27,22.3,23.06
1422628200,22.95,23.46,22.58,23.39
1422887400,23.3,23.3,22.51,22.82
1422973800,22.83,23.34,22.71,22.96
1423060200,22.87,23.5,22.84,23.36
1423146600,23.37,23.8,23.32,23.8
1423233000,23.74,23.96,23.05,23.24
1423492200,23.24,23.3,22.52,22.54
1423578600,22.67,22.73,22.04,22.32
1423665000,22.52,23.45,22.39,22.99
1423751400,23,23,22,22.11
1423837800,22.17,22.45,21.61,22.38
1424183400,22.48,22.6,22.2801,22.47
1424269800,22.48,22.6,22.41,22.53
1424356200,22.51,22.81,22.424,22.66
1424442600,22.7,22.81,22.22,22.73
1424701800,22.75,22.86,22.305,22.55
1424788200,22.58,22.97,22.31,22.94
1424874600,23.07,23.71,22.65,23.62
1424961000,23.95,25.77,23.25,25.07
1425047400,25.12,25.62,24.5625,24.7
1425306600,24.67,24.79,24.42,24.78
1425393000,24.77,24.77,24.03,24.05
1425479400,24,24.67,23.93,24.15
1425565800,24.48,24.79,24.0801,24.45
1425652200,24.3,24.51,24.06,24.19
1425907800,24.01,24.575,24.01,24.5
1425994200,24.27,24.38,23.871,24.22
1426080600,24.23,24.66,24.11,24.62
1426167000,24.8,24.93,24.55,24.74
1426253400,24.7,24.73,24.34,24.47
1426512600,24.69,25.2,24.57,25.17
1426599000,25.09,25.2,24.72,24.99
1426685400,24.86,25.05,24.7,24.83
1426771800,24.8,25.2,24.69,25.11
1426858200,25.11,25.4301,25.06,25.39
1427117400,25.39,25.39,24.65,24.75
1427203800,24.66,24.89,24.48,24.69
1427290200,24.8,24.82,23.92,23.94
1427376600,23.9,23.93,22.95,23.11
1427463000,23.2,23.48,22.98,23.34
1427722200,23.46,23.8599,23.45,23.49
1427808600,23.54,23.97,23.49,23.93
1427895000,23.75,24.03,23.29,23.75
1427981400,23.83,24.285,23.67,23.98
1428327000,23.84,23.965,23.1,23.28
1428413400,23.21,23.52,23.08,23.39
1428499800,23.39,23.52,23.19,23.39
1428586200,23.4,23.73,22.8013,22.91
1428672600,23,23.41,22.8425,23.1
1428931800,23.09,23.09,21.975,22.1
1429018200,22.17,22.37,21.71,22.34
1429104600,22.47,22.47,21.17,21.9
1429191000,21.82,22.18,21.6,21.93
1429277400,21.78,21.88,21.42,21.57
1429536600,21.72,21.84,21.57,21.84
1429623000,21.94,22.16,21.81,21.86
1429709400,21.88,22.01,21.62,21.94
1429795800,21.98,22.28,21.95,22.27
1429882200,22.21,22.3,21.96,22.11
1430141400,22.11,22.46,21.99,22.06
1430227800,22.01,22.22,21.92,22.12
1430314200,22.14,22.35,21.78,21.91
1430400600,21.96,23.24,21.93,23.13
1430487000,23.16,24.32,23.15,23.87
1430746200,23.87,24.042,22.9,23.42
1430832600,23.35,23.35,22.2,22.48
1430919000,22.49,22.59,21.88,22.17
1431005400,22.22,22.44,22.1,22.39
1431091800,22.51,22.81,22.32,22.36
1431351000,22.29,22.66,21.874,22.38
1431437400,22.28,22.595,22.22,22.58
1431523800,22.64,22.74,22.16,22.25
1431610200,22.28,22.53,22.098,22.34
1431696600,22.44,22.6,22.109,22.2
1431955800,22.07,22.6301,22.01,22.5
1432042200,22.49,22.744,22.4,22.72
1432128600,22.72,22.72,22.4101,22.69
1432215000,22.65,22.7,22.44,22.44
1432301400,22.45,22.7,22.395,22.67
1432647000,22.64,22.64,21.97,22.09
1432733400,22.11,22.45,22,22.41
1432819800,22.41,22.45,22.1401,22.2
1432906200,22.13,22.2,21.881,22.02
1433165400,22.08,22.3,21.945,22.04
1433251800,21.98,22.45,21.83,22
1433338200,22.11,22.53,21.915,22.52
1433424600,22.24,22.49,21.13,21.25
1433511000,21.13,21.14,18.42,18.72
1433770200,19.1,19.464,18.82,18.93
1433856600,18.97,19.19,18.76,19
1433943000,18.99,19.041,18.7,18.81
1434029400,18.89,18.97,18.35,18.7
1434115800,18.38,18.6099,17.93,18.03
1434375000,17.85,18.44,17.8,18.29
1434461400,18.29,18.56,18.29,18.55
1434547800,18.58,18.66,18.26,18.28
1434634200,18.36,18.65,18.19,18.63
1434720600,18.69,19.28,18.534,19.2
1434979800,19.23,19.24,18.63,19.08
1435066200,19.06,19.31,18.89,19.27
1435152600,19.2,19.27,17.99,18.19
1435239000,18.29,18.5,18.2,18.25
1435325400,18.26,18.39,18,18.22
1435584600,18.07,18.12,17.48,17.5
1435671000,17.68,18.1,17.55,17.93
1435757400,18.12,18.32,17.83,17.99
1435843800,18.09,18.38,17.72,17.84
1436189400,17.76,17.8399,17.1,17.5
1436275800,17.55,17.55,16.8363,16.98
1436362200,16.87,17.24,16.85,16.97
1436448600,17.28,17.5499,16.95,17.19
1436535000,17.47,17.89,17.332,17.48
1436794200,17.64,17.97,17.48,17.83
1436880600,17.75,18.32,17.75,18.19
1436967000,18.2,18.26,17.49,17.58
1437053400,17.8,17.91,17.35,17.9
1437139800,17.9,17.92,17.35,17.37
1437399000,17.44,17.739,17.38,17.43
1437485400,17.41,17.77,16.24,16.38
1437571800,16.32,16.81,16.27,16.7
1437658200,16.77,16.8199,16.35,16.4
1437744600,16.41,16.63,16.41,16.49
1438003800,16.45,16.49,16.245,16.36
1438090200,16.48,16.59,16.29,16.58
1438176600,16.58,16.98,16.315,16.83
1438263000,16.88,18.59,16.72,18.01
1438349400,18.05,18.1,16.91,17.01
1438608600,16.92,17.12,15.78,15.86
1438695000,15.9,16.09,15.4,15.8
1438781400,15.92,16.45,15.826,16.26
1438867800,16.44,16.44,15.15,15.9
1438954200,16.13,16.31,15.38,15.78
1439213400,15.49,15.87,15.4001,15.58
1439299800,15.53,15.76,15.3,15.53
1439386200,15.35,15.53,15.13,15.44
1439472600,15.5,15.75,15.361,15.4
1439559000,15.43,15.59,15.36,15.56
1439818200,15.5,15.96,15.3501,15.93
1439904600,15.8,15.8788,15.44,15.51
1439991000,15.45,15.68,15.45,15.48
1440077400,15.42,15.58,15.03,15.06
1440163800,14.85,15.29,14.53,15.05
1440423000,14.31,14.91,13.96,14.64
1440509400,15.09,15.18,14.29,14.34
1440595800,14.57,15.18,14.39,15.07
1440682200,15.23,15.36,14.86,15.34
1440768600,15.23,15.25,14.98,15.11
1441027800,15.01,15.19,14.755,14.92
1441114200,14.7,15.22,14.7,15.11
1441200600,15.27,15.29,14.91,15.23
1441287000,15.29,15.39,15.14,15.17
1441373400,14.99,15.12,14.93,15.05
1441719000,15.25,15.56,15.18,15.46
1441805400,15.59,15.81,15.41,15.5
1441891800,15.49,15.73,15.4,15.63
1441978200,15.52,15.7799,15.39,15.53
1442237400,15.55,15.6,14.96,15.1
1442323800,15.12,15.68,15.01,15.56
1442410200,15.53,15.95,15.53,15.87
1442496600,15.84,16.3,15.78,16.06
1442583000,15.88,16.3,15.75,16.29
1442842200,16.3,16.3,15.76,15.96
1442928600,15.8,15.93,15.53,15.6
1443015000,15.62,15.7508,15.4,15.5
1443101400,15.48,15.54,14.95,15.03
1443187800,15.16,15.49,14.98,15
1443447000,14.99,15.17,14.91,15.01
1443533400,15.04,15.35,14.94,14.99
1443619800,15.15,15.51,15.08,15.46
1443706200,15.52,15.53,15.1,15.52
1443792600,15.42,15.83,15.16,15.83
1444051800,15.98,16.93,15.98,16.58
1444138200,16.64,16.64,16.26,16.31
1444224600,16.33,16.73,16.2763,16.71
1444311000,16.76,17.53,16.62,17.46
1444397400,17.47,18.12,17.45,17.96
1444656600,18,18.12,17.5006,17.79
1444743000,17.76,17.844,17.34,17.37
1444829400,17.41,17.63,17.21,17.36
1444915800,17.43,17.56,17.11,17.49
1445002200,17.57,17.66,17.26,17.45
1445261400,17.35,17.47,16.61,16.82
1445347800,16.73,17.35,16.66,17.16
1445434200,17.26,17.26,16.73,16.75
1445520600,16.84,17.23,16.67,17.04
1445607000,17.27,17.82,17.05,17.27
1445866200,17.2,17.2,16.66,16.85
1445952600,16.81,16.9,16.59,16.82
1446039000,16.86,17.32,16.79,17.22
1446125400,16.73,16.73,15.04,15.81
1446211800,15.85,16.4,15.85,16.1
1446474600,16.1,17.3,15.92,17.18
1446561000,17.1,17.17,16.68,16.71
1446647400,16.75,17.24,16.37,17.1
1446733800,17.28,17.92,17.22,17.41
1446820200,17.44,18.02,17.44,17.7
1447079400,17.42,17.67,17.1,17.21
1447165800,17.3,17.68,16.93,17.05
1447252200,17.07,17.39,17.07,17.24
1447338600,17.03,17.42,16.565,16.61
1447425000,16.57,17.01,16.5,16.75
1447684200,16.8,17.18,16.775,17.09
1447770600,17.1,17.26,16.7801,17.02
1447857000,17.05,17.4,17.04,17.4
1447943400,17.44,17.57,17.24,17.51
1448029800,17.64,17.868,17.51,17.67
1448289000,17.67,18.1,17.67,17.98
1448375400,17.93,18.11,17.77,18.04
1448461800,18.04,18.365,17.938,18.17
1448634600,18.14,18.28,17.97,18.24
1448893800,18.3,18.32,18.09,18.21
1448980200,18.25,18.75,18.25,18.5
1449066600,18.5,18.62,18.125,18.18
1449153000,18.5,18.78,18.13,18.5
1449239400,18.59,19.28,18.41,19.23
1449498600,19.3,19.33,18.76,18.96
1449585000,18.76,19.46,18.47,19.13
1449671400,19.11,19.23,18.78,18.8
1449757800,18.89,19.3,18.79,18.98
1449844200,18.7,19.03,18.56,18.78
1450103400,18.89,19.2,18.5,19.04
1450189800,19.15,19.57,19.14,19.17
1450276200,19.23,19.43,19.14,19.24
1450362600,19.38,20,19.38,19.93
1450449000,19.92,20.06,19.13,19.17
1450708200,19.26,19.52,19.01,19.5
1450794600,19.52,19.56,19.201,19.36
1450881000,19.54,19.99,19.43,19.84
1450967400,19.83,19.96,19.66,19.73
1451313000,19.62,19.91,19.5238,19.82
1451399400,19.87,20.11,19.77,19.98
1451485800,19.93,20.01,19.66,19.67
1451572200,19.67,19.69,19.41,19.46
1451917800,19.06,19.38,18.83,19.01
1452004200,19.07,19.29,18.81,19.06
1452090600,18.8,19.1,18.63,18.71
1452177000,18.44,18.7,17.95,18.03
1452263400,18.02,18.34,17.9,18.03
1452522600,18.05,18.24,17.6,17.75
1452609000,17.93,18.27,17.79,18.09
1452695400,18.2,18.54,16.71,16.74
1452781800,16.84,17.5,16.69,17.28
1452868200,16.89,17.2,16.19,16.63
1453213800,16.75,16.85,16.23,16.47
1453300200,16.17,16.8,15.54,16.64
1453386600,16.66,17.14,16.5,16.76
1453473000,17.02,17.2499,16.78,17.19
1453732200,17.16,17.24,16.41,16.47
1453818600,16.5,17.24,16.49,17.11
1453905000,16.96,17.18,16.36,16.41
1453991400,16.56,16.92,16.49,16.81
1454077800,16.83,17.37,16.81,17.32
1454337000,17.2,17.33,16.86,17.01
1454423400,16.84,16.9655,16.51,16.69
1454509800,16.86,16.86,16.25,16.39
1454596200,16.34,16.44,15.73,16.05
1454682600,15.99,16.44,15.76,15.83
1454941800,15.67,15.7563,14.532,15.13
1455028200,14.89,15.28,14.65,14.91
1455114600,14.82,15.18,14.25,14.77
1455201000,14.36,15.21,14.28,14.82
1455287400,14.93,15.2696,14.55,14.65
1455633000,14.75,15.14,14.69,15.06
1455719400,15.2,15.312,14.67,14.8
1455805800,14.86,15.23,14.83,14.89
1455892200,14.86,15.06,14.78,14.82
1456151400,14.96,15.45,14.96,15.28
1456237800,15.12,15.46,15.12,15.24
1456324200,15.05,15.44,14.91,15.32
1456410600,16.25,16.74,15.18,15.96
1456497000,15.99,16.21,15.13,15.26
1456756200,15.32,15.74,15.26,15.63
1456842600,15.75,15.85,15.47,15.73
1456929000,15.69,15.82,15.3,15.5
1457015400,15.49,16.25,15.49,16.17
1457101800,16.13,16.44,16.01,16.28
1457361000,15.98,16.18,15.75,16.17
1457447400,16.13,16.52,15.95,16.18
1457533800,16.22,16.65,16.04,16.15
1457620200,16,16.335,15.76,15.92
1457706600,16.13,16.4199,15.83,16.36
1457962200,16.29,16.447,16.12,16.4
1458048600,16.34,16.34,15.74,15.92
1458135000,15.86,16.64,15.85,16.5
1458221400,16.5,16.5089,15.9484,16.07
1458307800,16.19,16.385,16.085,16.24
1458567000,16.23,16.39,16.02,16.25
1458653400,16.17,16.5,15.765,16.43
1458739800,16.45,16.5,16.07,16.08
1458826200,16,16.23,15.81,16.16
1459171800,16.2,16.51,16.19,16.36
1459258200,16.39,16.7,16.25,16.65
1459344600,16.69,16.69,15.92,16.33
1459431000,16.36,16.65,16.29,16.64
1459517400,16.48,16.53,16.07,16.31
1459776600,16.35,16.4455,16.0666,16.23
1459863000,15.67,16.01,14.73,14.85
1459949400,14.9,14.96,14.45,14.6
1460035800,14.45,14.95,14.43,14.55
1460122200,14.63,14.83,14.45,14.57
1460381400,14.62,14.9,14.55,14.74
1460467800,14.67,15.15,14.61,15.11
1460554200,15.15,15.49,15.08,15.44
1460640600,15.44,15.57,15.16,15.49
1460727000,15.4,15.44,14.97,15.09
1460986200,15.1,15.35,15,15.31
1461072600,15.43,15.77,15.3,15.66
1461159000,15.65,15.68,15.46,15.58
1461245400,15.58,15.7,15.44,15.46
1461331800,15.45,15.62,15.32,15.62
1461591000,15.59,15.74,15.37,15.74
1461677400,15.81,16.21,15.68,16.11
1461763800,16.07,16.31,15.96,16.11
1461850200,17.11,17.19,16.07,16.31
1461936600,16.1,16.11,15.76,16.05
1462195800,16.1,16.36,15.91,16.21
1462282200,16.18,16.34,15.75,15.96
1462368600,15.92,16.17,15.76,15.89
1462455000,15.99,16.28,15.87,16.19
1462541400,16.17,16.58,16.02,16.44
1462800600,16.06,16.175,15.63,16.03
1462887000,16.06,16.22,15.8701,16.13
1462973400,16.4,16.44,15.97,16.02
1463059800,16.1,16.24,15.48,15.7
1463146200,15.7,15.96,15.575,15.8
1463405400,15.91,16.22,15.81,16.1
1463491800,16.25,16.52,16.1,16.16
1463578200,16.15,16.41,16.15,16.4
1463664600,16.35,16.58,16.16,16.28
1463751000,16.39,17.06,16.38,17.06
1464010200,17,17.14,16.81,16.83
1464096600,16.86,17.08,16.83,16.95
1464183000,17.04,17.04,16.56,16.62
1464269400,16.67,16.83,16.34,16.7
1464355800,16.73,16.92,16.62,16.91
1464701400,17.07,17.54,17,17.43
1464787800,17.28,17.45,16.8,17.16
1464874200,17.16,17.49,17,17.47
1464960600,17.42,17.44,17.18,17.25
1465219800,17.28,17.55,17.28,17.39
1465306200,17.45,17.63,17.33,17.51
1465392600,17.57,17.91,17.48,17.9
1465479000,17.86,17.935,17.6326,17.86
1465565400,17.72,17.95,17.52,17.74
1465824600,17.71,17.71,17.36,17.46
1465911000,17.48,17.66,17.31,17.46
1465997400,17.5,17.67,17.4,17.49
1466083800,17.47,17.58,17.23,17.56
1466170200,17.6,17.73,17.36,17.49
1466429400,17.75,17.97,17.62,17.74
1466515800,17.8,17.82,17.31,17.39
1466602200,17.49,17.62,17.37,17.57
1466688600,17.78,18.1,17.75,17.99
1466775000,17.37,17.79,17.14,17.58
1467034200,17.38,17.42,16.87,16.95
1467120600,17.24,17.31,17.02,17.1
1467207000,17.3,17.75,17.18,17.72
1467293400,17.73,18.25,17.69,18.07
1467379800,18.05,18.2,17.98,18.16
1467725400,18.15,18.45,18.03,18.42
1467811800,18.35,18.68,18.18,18.65
1467898200,18.7,19.03,18.6,18.93
1467984600,19.08,19.1,18.81,18.83
1468243800,18.91,19.18,18.8647,19.11
1468330200,19.21,19.49,19.15,19.39
1468416600,19.4,19.5,19.23,19.33
1468503000,19.43,19.53,19.235,19.34
1468589400,19.49,19.51,19.3,19.48
1468848600,19.48,19.63,19.41,19.49
1468935000,19.44,19.62,19.265,19.57
1469021400,19.72,19.74,19.54,19.63
1469107800,19.65,19.8,19.57,19.65
1469194200,19.64,19.75,19.5665,19.7
1469453400,19.69,19.77,19.32,19.57
1469539800,19.58,19.88,19.45,19.82
1469626200,19.86,19.885,19.41,19.6
1469712600,19.1,19.1,17.65,18.02
1469799000,17.85,18.16,17.31,17.66
1470058200,17.58,17.77,17.48,17.72
1470144600,17.69,17.69,17.16,17.19
1470231000,17.26,17.38,17.1,17.17
1470317400,17.2,17.307,16.98,17.13
1470403800,17.15,17.44,17.15,17.43
1470663000,17.1,17.15,16.87,16.96
1470749400,16.96,17.13,16.9,17.13
1470835800,17.19,17.19,16.75,16.8
1470922200,16.85,16.91,16.78,16.84
1471008600,16.85,16.92,16.75,16.92
1471267800,16.9,17.01,16.84,16.97
1471354200,16.95,16.96,16.78,16.79
1471440600,16.79,16.92,16.74,16.8
1471527000,16.89,16.93,16.79,16.88
1471613400,16.83,16.95,16.77,16.82
1471872600,16.84,16.89,16.66,16.87
1471959000,16.88,17.04,16.84,16.9
1472045400,16.38,16.42,15.1625,15.4
1472131800,15.31,15.72,15.28,15.64
1472218200,15.48,15.72,15.45,15.59
1472477400,15.56,16.1,15.56,15.8
1472563800,15.95,16.14,15.82,16.08
1472650200,16.13,16.24,15.863,15.98
1472736600,16.02,16.02,15.75,15.91
1472823000,15.98,16.265,15.97,16.17
1473168600,16.22,16.26,15.93,16.16
1473255000,16.12,16.54,16.11,16.52
1473341400,16.46,16.52,16.31,16.44
1473427800,16.34,16.48,15.785,15.8
1473687000,15.73,16.125,15.65,16.1
1473773400,15.98,16.1,15.75,15.94
1473859800,15.91,16.035,15.76,15.81
1473946200,15.83,16.11,15.68,16.11
1474032600,16.05,16.05,15.59,15.64
1474291800,15.76,15.93,15.62,15.79
1474378200,15.91,16.07,15.78,15.79
1474464600,15.9,15.95,15.36,15.56
1474551000,15.71,15.87,15.59,15.82
1474637400,15.77,16.33,15.7225,16.23
1474896600,16.07,16.08,15.82,15.83
1474983000,15.87,16.18,15.8383,15.97
1475069400,15.97,16.33,15.97,16.3
1475155800,15.95,16.01,15.61,15.63
1475242200,15.8,15.87,15.49,15.5
1475501400,15.5,15.53,15.4,15.48
1475587800,15.48,15.59,15.27,15.4
1475674200,15.51,15.525,15.2,15.34
1475760600,15.22,15.38,15.15,15.21
1475847000,15.17,15.21,14.69,14.72
1476106200,14.65,15.07,14.65,14.77
1476192600,14.77,14.77,14.3,14.34
1476279000,14.37,14.77,14.26,14.62
1476365400,14.53,14.76,14.4301,14.72
1476451800,14.73,14.86,14.61,14.7
1476711000,14.7,14.72,14.37,14.39
1476797400,14.61,14.67,14.37,14.55
1476883800,14.66,14.75,14.55,14.68
1476970200,14.66,14.675,14.28,14.36
1477056600,14.25,14.45,14.19,14.43
1477315800,14.45,14.65,14.45,14.55
1477402200,14.53,14.73,14.39,14.41
1477488600,14.36,14.38,14.12,14.13
1477575000,14.15,15.705,14.1,15.05
1477661400,15.02,15.16,13.95,14.27
1477920600,14.26,14.76,14.25,14.4
1478007000,14.49,14.6,14.19,14.25
1478093400,14.24,14.375,14.0892,14.16
1478179800,14.24,14.435,14.16,14.4
1478266200,14.39,14.9,14.37,14.84
1478529000,14.98,15.26,14.88,15.09
1478615400,15.01,15.2,14.95,15.13
1478701800,15.05,16.05,15.05,15.98
1478788200,16.02,16.39,15.89,16.33
1478874600,16.32,17.19,16.24,17.12
1479133800,17,17.19,16.91,16.96
1479220200,16.95,16.99,16.565,16.69
1479306600,16.67,16.9,16.67,16.79
1479393000,16.84,16.925,16.73,16.75
1479479400,15.55,15.8,15.28,15.68
1479738600,15.78,15.83,15.56,15.61
1479825000,15.6,15.81,15.515,15.66
1479911400,15.7,15.8,15.49,15.71
1480084200,15.91,16,15.71,15.72
1480343400,15.86,15.97,15.65,15.65
1480429800,15.63,15.67,15.1,15.21
1480516200,15.34,15.45,15.125,15.36
1480602600,15.35,15.55,15.03,15.31
1480689000,15.99,16.1,15.9089,15.99
1480948200,15.99,16.01,15.83,15.85
1481034600,15.74,15.97,15.61,15.89
1481121000,15.87,16.02,15.87,15.99
1481207400,15.99,16.08,15.93,16.05
1481293800,16.1,16.175,16.025,16.15
1481553000,16.11,16.25,15.95,16.03
1481639400,16.06,16.25,15.91,16.05
1481725800,16.04,16.19,15.79,15.82
1481812200,15.76,16.2,15.75,15.8
1481898600,15.86,16.08,15.84,16
1482157800,15.98,16.15,15.89,16.1
1482244200,16.12,16.3,16.075,16.27
1482330600,16.19,16.255,15.94,16.08
1482417000,16.11,16.18,15.81,15.96
1482503400,16,16.1,15.88,15.96
1482849000,16,16.16,15.97,16.06
1482935400,16.04,16.12,15.8,15.83
1483021800,15.92,16.05,15.882,16
1483108200,16.02,16.03,15.78,15.99
1483453800,16.05,16.2,15.83,16.04
1483540200,16.1,16.32,16.04,16.28
1483626600,16.19,16.343,15.99,16.13
1483713000,16.13,16.13,15.89,15.92
1483972200,15.95,16.01,15.81,15.82
1484058600,15.9,15.905,15.72,15.74
1484145000,15.78,15.98,15.74,15.89
1484231400,15.86,16,15.699,15.89
1484317800,15.91,16.16,15.88,16.01
1484663400,15.92,15.965,15.78,15.81
1484749800,15.89,15.89,15.49,15.58
1484836200,15.6,15.6,15.22,15.27
1484922600,15.26,15.3896,15.2,15.35
1485181800,15.25,15.41,15.21,15.26
1485268200,15.24,15.41,15.17,15.23
1485354600,15.3,15.46,15.15,15.29
1485441000,15.3,15.35,15.2099,15.29
1485527400,15.3,15.38,15.14,15.25
1485786600,15.17,15.225,14.9,15.19
1485873000,15.17,15.27,15.06,15.24
1485959400,15.25,16.14,15.25,16.13
1486045800,16.03,16.11,15.84,15.86
1486132200,15.94,16.05,15.85,15.93
1486391400,15.91,15.91,15.7,15.82
1486477800,15.89,15.89,15.5017,15.55
1486564200,15.5,15.53,15.28,15.46
1486650600,15.38,15.68,15.36,15.59
1486737000,15.7,15.79,15.62,15.79
1486996200,15.78,15.9,15.66,15.74
1487082600,15.69,15.91,15.67,15.74
1487169000,15.71,15.97,15.66,15.89
1487255400,15.92,15.92,15.8,15.91
1487341800,15.9,15.9,15.67,15.89
1487687400,15.8,15.8,14.61,15.01
1487773800,15,15.31,14.92,15.22
1487860200,15.24,15.35,14.97,15.1
1487946600,15.1,15.33,15.028,15.31
1488205800,15.29,15.645,15.29,15.53
1488292200,15.45,15.53,15.32,15.43
1488378600,15.53,15.72,15.395,15.47
1488465000,15.45,15.53,15.19,15.2
1488551400,15.21,15.31,15.09,15.19
1488810600,14.76,14.905,14.71,14.78
1488897000,14.8,14.86,14.64,14.65
1488983400,14.68,14.72,14.6,14.64
1489069800,14.64,14.67,14.56,14.63
1489156200,14.7,14.75,14.6,14.71
1489411800,14.7,14.89,14.69,14.71
1489498200,14.69,14.765,14.62,14.74
1489584600,14.8,15.02,14.8,14.95
1489671000,15,15.03,14.68,14.75
1489757400,14.75,14.88,14.73,14.84
1490016600,14.82,14.83,14.61,14.68
1490103000,14.7,14.7,14.33,14.37
1490189400,14.35,14.3999,14.12,14.17
1490275800,14.22,14.35,14.1,14.29
1490362200,14.3,14.49,14.265,14.32
1490621400,14.2,14.24,14.12,14.18
1490707800,14.09,14.255,14.09,14.2
1490794200,14.11,14.26,14.09,14.09
1490880600,14.05,14.3,14.05,14.28
1490967000,14.19,14.3,14.16,14.21
1491226200,14.25,14.26,13.81,13.84
1491312600,13.85,13.915,13.7735,13.81
1491399000,13.83,13.94,13.61,13.62
1491485400,13.59,13.7,13.46,13.66
1491571800,13.64,13.74,13.59,13.66
1491831000,13.7,13.83,13.65,13.76
1491917400,13.75,14.08,13.74,14.05
1492003800,13.98,14,13.785,13.82
1492090200,13.8,13.83,13.65,13.66
1492435800,13.66,13.87,13.66,13.85
1492522200,13.75,13.89,13.7,13.87
1492608600,13.91,14.0099,13.88,13.97
1492695000,14.08,14.52,14,14.41
1492781400,14.38,14.42,14.175,14.27
1493040600,14.49,14.49,14.17,14.25
1493127000,14.3,14.52,14.28,14.4
1493213400,14.38,14.74,14.34,14.65
1493299800,14.45,14.69,13.34,13.41
1493386200,13.45,13.49,13,13.16
1493645400,13.2,13.3,13.05,13.16
1493731800,13.51,13.57,13.37,13.5
1493818200,13.66,14.14,13.65,14.13
1493904600,14.09,14.13,13.55,13.55
1493991000,13.62,13.65,13.37,13.62
1494250200,13.26,13.37,13.15,13.3
1494336600,13.35,13.45,13.26,13.35
1494423000,13.35,13.3505,12.98,12.99
1494509400,12.99,13.02,12.75,12.82
1494595800,12.8,12.8,12.535,12.6
1494855000,12.6,12.83,12.58,12.61
1494941400,12.66,12.7,12.3,12.3
1495027800,12.1,12.19,11.87,11.87
1495114200,12.16,12.7,12.16,12.41
1495200600,12.41,12.49,12.3253,12.41
1495459800,12.43,12.73,12.41,12.65
1495546200,12.68,12.88,12.55,12.73
1495632600,12.71,12.92,12.64,12.83
1495719000,12.89,12.89,12.6,12.7
1495805400,12.66,12.84,12.66,12.83
1496151000,12.85,13.13,12.85,13.01
1496237400,13.05,13.06,12.75,12.93
1496323800,12.94,13.16,12.82,13.15
1496410200,13.11,13.18,12.65,12.68
1496669400,12.65,12.8,12.57,12.62
1496755800,12.53,12.76,12.46,12.66
1496842200,12.67,12.81,12.61,12.75
1496928600,12.72,12.92,12.6,12.83
1497015000,12.83,13.15,12.74,13.12
1497274200,13.13,13.63,13.12,13.31
1497360600,13.3,13.525,13.23,13.39
1497447000,13.37,13.392,13.19,13.39
1497533400,13.3,13.44,13.23,13.38
1497619800,13.29,13.53,13.19,13.52
1497879000,13.62,13.81,13.47,13.7
1497965400,13.61,13.7,13.28,13.28
1498051800,13.3,13.46,13.2275,13.31
1498138200,13.31,13.46,13.27,13.39
1498224600,13.42,13.575,13.3,13.35
1498483800,13.35,13.765,13.35,13.65
1498570200,13.65,13.82,13.65,13.72
1498656600,13.82,13.99,13.72,13.9
1498743000,13.9,13.9,13.55,13.75
1498829400,13.74,13.74,13.47,13.48
1499088600,13.51,13.88,13.5,13.82
1499261400,13.77,13.79,13.52,13.61
1499347800,13.54,13.565,13.27,13.32
1499434200,13.32,13.455,13.22,13.42
1499693400,13.37,13.5,13.31,13.35
1499779800,13.41,13.49,13.3,13.37
1499866200,13.49,13.63,13.36,13.4
1499952600,13.4,13.47,13.35,13.44
1500039000,13.46,13.73,13.46,13.6
1500298200,13.65,13.78,13.56,13.7
1500384600,13.65,13.65,13.36,13.55
1500471000,13.61,13.83,13.61,13.79
1500557400,13.78,13.93,13.72,13.9
1500643800,14,14.01,13.55,13.58
1500903000,13.57,13.77,13.43,13.58
1500989400,13.69,13.79,13.57,13.71
1501075800,13.72,13.8212,13.35,13.35
1501162200,13.3,13.93,12.74,13.75
1501248600,13.75,14.36,13.69,14.12
1501507800,14.09,14.16,13.77,13.94
1501594200,14,14.17,13.91,14.15
1501680600,14.06,14.12,13.42,13.42
1501767000,13.48,13.77,13.41,13.46
1501853400,13.52,13.75,13.46,13.67
1502112600,13.23,13.39,13.1,13.25
1502199000,13.19,13.445,13.11,13.22
1502285400,13.3,13.94,13.26,13.88
1502371800,13.76,13.85,13.61,13.63
1502458200,13.29,13.61,13.19,13.32
1502717400,13.45,13.73,13.27,13.7
1502803800,13.76,13.76,13.55,13.56
1502890200,13.57,13.68,13.47,13.5
1502976600,13.42,13.62,13.25,13.25
1503063000,13.29,13.59,13.29,13.5
1503322200,13.51,13.51,13.31,13.48
1503408600,13.55,13.79,13.55,13.73
1503495000,13.67,13.715,13.54,13.55
1503581400,13.65,13.8,13.51,13.63
1503667800,13.63,13.76,13.55,13.71
1503927000,13.72,13.86,13.71,13.77
1504013400,13.7,13.8,13.605,13.68
1504099800,13.71,13.85,13.6,13.79
1504186200,13.84,13.95,13.74,13.79
1504272600,13.84,14.03,13.8,14.01
1504618200,14.01,14.0594,13.74,13.77
1504704600,13.82,13.96,13.785,13.82
1504791000,13.84,13.84,13.5,13.62
1504877400,13.59,13.59,13.32,13.45
1505136600,13.54,13.66,13.46,13.52
1505223000,13.55,13.73,13.47,13.72
1505309400,13.73,13.9,13.62,13.74
1505395800,13.72,13.91,13.6,13.88
1505482200,13.86,13.9101,13.72,13.82
1505741400,13.83,13.91,13.76,13.83
1505827800,13.83,13.89,13.76,13.84
1505914200,13.85,14.06,13.8,14.02
1506000600,14,14.11,13.88,14.05
1506087000,14.05,14.25,14.03,14.21
1506346200,14.22,14.53,14.22,14.5
1506432600,14.47,14.79,14.42,14.61
1506519000,14.64,14.85,14.45,14.73
1506605400,14.72,14.87,14.55,14.82
1506691800,14.8,14.8067,14.68,14.79
1506951000,14.77,14.94,14.71,14.91
1507037400,14.9,15,14.87,15
1507123800,14.97,15.33,14.88,15.31
1507210200,15.27,15.65,15.27,15.51
1507296600,15.48,15.55,15.35,15.45
1507555800,15.45,15.55,15.29,15.37
1507642200,15.45,15.53,15.34,15.45
1507728600,15.46,15.51,15.35,15.46
1507815000,15.39,15.54,15.27,15.5
1507901400,15.5,15.5,15.37,15.41
1508160600,15.37,15.51,15.35,15.51
1508247000,15.52,15.55,15.4,15.52
1508333400,15.61,15.65,15.445,15.55
1508419800,15.49,15.69,15.46,15.68
1508506200,15.77,15.79,15.6,15.63
1508765400,15.64,15.64,15.48,15.54
1508851800,15.54,15.62,15.42,15.43
1508938200,15.44,15.55,15.275,15.43
1509024600,14.5,15.52,14.25,15.45
1509111000,15.47,15.69,15.32,15.58
1509370200,15.58,15.58,15.26,15.47
1509456600,15.48,16.04,15.48,15.97
1509543000,15.94,15.94,15.31,15.38
1509629400,15.33,15.48,15.051,15.37
1509715800,15.37,15.76,15.37,15.72
1509978600,15.74,15.94,15.65,15.78
1510065000,15.41,15.6,15.3,15.36
1510151400,15.22,15.43,15.21,15.39
1510237800,15.35,15.78,15.34,15.72
1510324200,15.65,15.94,15.65,15.84
1510583400,15.82,16.04,15.73,15.94
1510669800,15.91,15.97,15.68,15.87
1510756200,15.78,15.945,15.64,15.89
1510842600,16,16.743,16,16.63
1510929000,16.52,17.02,16.52,16.74
1511188200,16.75,17.08,16.72,16.96
1511274600,17.01,17.15,16.92,16.99
1511361000,17.06,17.23,17.03,17.12
1511533800,17.17,17.23,17.02,17.13
1511793000,17.13,17.2984,16.99,17.06
1511879400,17.03,17.26,16.93,17.23
1511965800,17.16,17.49,17.15,17.39
1512052200,17.39,17.41,17.22,17.36
1512138600,17.35,17.35,16.75,17.29
1512397800,17.35,17.62,17.23,17.4
1512484200,17.4,17.43,17.15,17.27
1512570600,17.25,17.35,17.13,17.23
1512657000,17.28,17.28,16.9,16.98
1512743400,17,17.04,16.85,16.92
1513002600,16.95,17.08,16.83,16.89
1513089000,16.97,16.97,16.69,16.72
1513175400,16.74,16.94,16.63,16.8
1513261800,16.86,16.93,16.69,16.8
1513348200,16.78,17.18,16.78,17.03
1513607400,17.03,17.15,16.84,17.02
1513693800,17,17.12,16.93,17
1513780200,17.05,17.07,16.86,16.96
1513866600,17,17.09,16.89,17.02
1513953000,17,17.05,16.94,16.95
1514298600,16.97,17.13,16.97,17.1
1514385000,17.08,17.15,16.99,17.02
1514471400,17,17.04,16.91,16.93
1514557800,17,17.01,16.78,16.78
1514903400,16.8,16.95,16.57,16.94
1514989800,16.88,16.88,16.4,16.41
1515076200,16.5,16.66,16.475,16.6
1515162600,16.66,16.67,16.48,16.6
1515421800,16.55,16.56,16.4,16.44
1515508200,16.46,16.75,16.4,16.4
1515594600,16.37,16.57,16.15,16.48
1515681000,16.5,16.92,16.5,16.9
1515767400,16.87,17,16.76,16.91
1516113000,16.92,17.05,16.69,16.73
1516199400,16.78,17,16.6,17
1516285800,16.96,16.96,16.75,16.84
1516372200,16.79,17.08,16.79,17.01
1516631400,16.92,17.21,16.78,17.17
1516717800,17.11,17.2,16.95,17.2
1516804200,17.21,17.21,16.88,16.89
1516890600,17,17.2,16.76,17.2
1516977000,17.18,17.19,16.86,17.15
1517236200,17.1,17.22,16.94,17.02
1517322600,16.94,17.19,16.82,17.1
1517409000,17.1,17.12,16.87,16.9
1517495400,16.89,16.98,16.74,16.78
1517581800,16.7,16.705,16.16,16.17
1517841000,16.04,16.2,15.29,15.29
1517927400,15.08,15.56,14.93,15.51
1518013800,15.61,15.85,15.47,15.72
1518100200,15.76,15.91,15.52,15.69
1518186600,15.8,15.9,15.31,15.78
1518445800,15.8,15.83,15.43,15.72
1518532200,15.61,15.98,15.61,15.93
1518618600,15.82,16.0785,15.81,16
1518705000,16.07,16.19,15.94,16.15
1518791400,16.12,16.31,15.98,15.98
1519137000,15.88,15.97,15.69,15.71
1519223400,15.73,16,15.71,15.72
1519309800,15.79,15.89,15.72,15.83
1519396200,15.86,16.05,15.83,16.04
1519655400,16.1,16.35,15.98,16.34
1519741800,16.3,16.39,16.11,16.11
1519828200,17.69,17.69,16.98,17.25
1519914600,17.19,17.57,17.02,17.2
1520001000,17.19,17.46,17.19,17.44
1520260200,17.45,17.64,17.35,17.37
1520346600,17.34,17.39,17.06,17.23
1520433000,17.2,17.28,17.04,17.18
1520519400,17.23,17.31,16.93,17.12
1520605800,17.15,17.34,17.04,17.33
1520861400,17.33,17.48,17.2,17.43
1520947800,17.07,17.1825,17.0352,17.15
1521034200,17.2,17.51,17.09,17.44
1521120600,17.43,17.48,17.29,17.46
1521207000,17.51,17.7,17.48,17.6
1521466200,17.52,17.52,17.23,17.4
1521552600,17.47,17.47,17.35,17.39
1521639000,17.43,17.66,17.32,17.51
1521725400,17.42,17.95,17.42,17.47
1521811800,17.55,17.73,17.35,17.35
1522071000,17.54,17.72,17.285,17.4
1522157400,17.39,17.51,17.29,17.31
1522243800,17.37,17.56,17.1701,17.3
1522330200,17.41,17.41,17.05,17.14
1522675800,17.05,17.135,16.79,16.97
1522762200,16.98,17.3,16.92,17.11
1522848600,17.02,17.4,16.98,17.35
1522935000,17.4,17.53,17.33,17.41
1523021400,16.09,16.44,16.02,16.3
1523280600,16.31,16.42,16.18,16.2
1523367000,16.25,16.75,16.2,16.57
1523453400,16.75,17.07,16.58,16.82
1523539800,16.94,17.55,16.92,17.14
1523626200,17.14,17.22,16.96,17.1
1523885400,17.25,17.39,17.145,17.2
1523971800,17.25,17.47,17.21,17.4
1524058200,17.43,17.54,17.35,17.37
1524144600,17.35,17.51,17.2,17.44
1524231000,17.41,17.45,17.02,17.12
1524490200,17.21,17.25,16.94,16.99
1524576600,17.04,17.14,16.78,16.78
1524663000,16.78,17.09,16.76,16.94
1524749400,17.03,17.1,16.83,16.86
1524835800,16.95,16.95,16.63,16.67
1525095000,16.71,16.86,16.571,16.58
1525181400,16.53,16.64,16.405,16.64
1525267800,16.64,16.74,16.5,16.6
1525354200,16.4,16.79,16.32,16.74
1525440600,16.76,16.96,16.52,16.69
1525699800,16.79,17.28,16.76,17.15
1525786200,17.18,17.3,16.94,17.07
1525872600,17.07,17.151,16.865,16.91
1525959000,16.95,16.95,16.71,16.83
1526045400,16.45,16.58,16.4,16.5
1526304600,16.47,16.59,16.41,16.45
1526391000,16.44,16.535,16.381,16.51
1526477400,16.56,16.94,16.5508,16.94
1526563800,16.96,17.14,16.96,17.07
1526650200,17.15,17.26,17.14,17.23
1526909400,17.26,17.3,17.095,17.19
1526995800,17.19,17.19,16.635,16.69
1527082200,16.68,16.79,16.61,16.77
1527168600,16.76,16.985,16.65,16.93
1527255000,16.97,17.09,16.64,16.91
1527600600,16.85,17.07,16.72,16.86
1527687000,16.93,17.13,16.72,16.76
1527773400,16.74,16.83,16.56,16.7
1527859800,16.76,16.91,16.61,16.78
1528119000,16.79,16.995,16.66,16.97
1528205400,16.95,17.31,16.88,17.3
1528291800,17.38,17.8199,17.3,17.72
1528378200,17.71,17.95,17.71,17.8
1528464600,17.8,18,17.8,17.94
1528723800,17.93,18.115,17.93,17.95
1528810200,17.96,18.19,17.86,18.02
1528896600,18.11,18.24,18.015,18.18
1528983000,18.24,18.47,18.15,18.45
1529069400,18.36,18.84,18.3,18.81
1529328600,18.76,19.01,18.51,18.69
1529415000,18.6,18.71,18.57,18.62
1529501400,18.75,18.97,18.71,18.8
1529587800,18.8,18.92,18.74,18.8
1529674200,18.88,18.88,18.525,18.62
1529933400,18.64,18.98,18.6,18.8
1530019800,18.78,18.95,18.775,18.82
1530106200,18.87,19.02,18.83,18.86
1530192600,18.9,18.98,18.68,18.76
1530279000,18.74,18.8,18.47,18.48
1530538200,18.41,18.75,18.27,18.75
1530624600,18.74,18.81,18.66,18.68
1530797400,18.75,18.9,18.58,18.89
1530883800,18.8,18.85,18.59,18.76
1531143000,18.82,18.915,18.68,18.8
1531229400,18.9,19,18.86,18.96
1531315800,18.99,19.07,18.9,19.01
1531402200,19.07,19.1,18.71,19
1531488600,19,19,18.83,18.94
1531747800,19,19,18.53,18.6
1531834200,18.6,18.76,18.41,18.5
1531920600,18.46,18.7,18.37,18.69
1532007000,18.67,18.8,18.62,18.79
1532093400,18.79,18.8,18.63,18.65
1532352600,18.62,18.72,18.53,18.54
1532439000,18.62,18.625,18.3899,18.51
1532525400,18.57,18.7,18.42,18.5
1532611800,18.56,18.71,18.471,18.63
1532698200,18.7,18.78,18.03,18.04
1532957400,18.01,18.03,17.801,17.84
1533043800,17.9,18.02,17.72,17.99
1533130200,17.99,18.06,17.49,17.66
1533216600,17.59,17.81,15.96,16.3
1533303000,16.32,16.47,16.27,16.45
1533562200,16.35,16.37,15.98,16.1
1533648600,16.1,16.11,15.77,15.79
1533735000,15.73,16,15.6452,15.97
1533821400,16,16.1,15.79,15.92
1533907800,15.51,15.72,15.44,15.69
1534167000,15.62,15.78,15.5,15.7
1534253400,15.73,16.06,15.73,15.76
1534339800,16.06,16.38,15.9,16.02
1534426200,16.02,16.24,15.92,16
1534512600,15.95,16,15.765,15.79
1534771800,15.85,15.92,15.73,15.81
1534858200,15.88,16.14,15.8496,15.99
1534944600,16.01,16.12,15.83,15.89
1535031000,15.91,15.91,15.74,15.78
1535117400,15.82,15.92,15.76,15.81
1535376600,15.84,15.89,15.7,15.74
1535463000,15.73,15.89,15.72,15.8
1535549400,15.9,15.94,15.83,15.89
1535635800,15.85,15.89,15.74,15.82
1535722200,15.73,15.92,15.63,15.9
1536067800,15.87,15.92,15.73,15.81
1536154200,15.78,15.92,15.72,15.87
1536240600,15.9,15.9,15.75,15.75
1536327000,15.75,15.85,15.6,15.69
1536586200,15.72,15.72,15.37,15.45
1536672600,15.44,15.53,15.4,15.4
1536759000,15.4,15.43,15.299,15.4
1536845400,15.47,15.62,15.411,15.56
1536931800,15.6,15.755,15.51,15.54
1537191000,15.58,15.74,15.51,15.65
1537277400,15.69,15.83,15.62,15.69
1537363800,15.71,15.74,15.54,15.62
1537450200,15.7,15.96,15.59,15.89
1537536600,15.85,16.025,15.62,15.69
1537795800,15.68,15.73,15.54,15.64
1537882200,15.67,15.67,15.515,15.53
1537968600,15.57,15.78,15.44,15.57
1538055000,15.61,15.76,15.595,15.65
1538141400,15.66,15.86,15.65,15.69
1538400600,15.77,15.84,15.47,15.59
1538487000,15.56,15.66,15.49,15.5
1538573400,15.53,15.82,15.49,15.75
1538659800,15.71,15.935,15.65,15.81
1538746200,15.84,15.91,15.67,15.77
1539005400,15.74,15.97,15.7001,15.93
1539091800,15.93,16.06,15.925,15.97
1539178200,15.97,16.12,15.67,15.67
1539264600,15.67,15.83,15.58,15.58
1539351000,15.61,15.68,15.5,15.5
1539610200,15.47,15.77,15.47,15.7
1539696600,15.8,16.02,15.66,15.95
1539783000,15.97,16.19,15.9,16.11
1539869400,16.12,16.2,15.93,15.96
1539955800,15.96,16.11,15.96,16.06
1540215000,16.11,16.25,16.035,16.09
1540301400,15.99,16.09,15.86,15.92
1540387800,15.95,16.035,15.52,15.52
1540474200,15.58,15.83,15.52,15.68
1540560600,15.57,15.61,15.27,15.28
1540819800,15.4,15.6001,15.19,15.31
1540906200,15.35,15.64,15.35,15.63
1540992600,15.35,15.45,13.9001,14.05
1541079000,14.07,14.87,14.06,14.75
1541165400,14.79,14.92,14.29,14.39
1541428200,14.46,14.53,14.04,14.31
1541514600,14.3,14.33,14.13,14.22
1541601000,14.44,14.56,14.23,14.51
1541687400,14.1,14.29,14.1,14.2
1541773800,14.2,14.3,14.05,14.16
1542033000,14.21,14.21,13.99,13.99
1542119400,14.02,14.1,13.88,13.96
1542205800,14,14,13.65,13.68
1542292200,13.64,13.94,13.49,13.84
1542378600,13.8,13.92,13.7,13.7
1542637800,13.67,13.74,13.465,13.47
1542724200,13.41,13.47,13,13.09
1542810600,13.11,13.3,13.06,13.21
1542983400,13.1,13.47,13.1,13.38
1543242600,13.5,13.51,13.22,13.29
1543329000,13.25,13.4,13.1,13.13
1543415400,13.18,13.3,13.13,13.23
1543501800,13.18,13.48,13.1,13.39
1543588200,13.4,13.46,13.16,13.2
1543847400,13.3,13.31,13.02,13.3
1543933800,13.31,13.38,12.86,12.86
1544106600,12.75,12.86,12.55,12.76
1544193000,12.78,12.98,12.735,12.75
1544452200,12.75,12.83,12.4,12.61
1544538600,12.7,12.8,12.52,12.54
1544625000,12.66,12.69,12.53,12.59
1544711400,12.59,12.61,12.3,12.33
1544797800,12.28,12.41,12.18,12.22
1545057000,12.23,12.34,12,12.06
1545143400,12.1,12.25,12.05,12.12
1545229800,12.11,12.39,11.94,12.09
1545316200,12.1,12.2,11.86,11.96
1545402600,11.96,12,11.25,11.29
1545661800,11.23,11.29,11.03,11.04
1545834600,11.07,11.37,10.88,11.36
1545921000,11.22,11.37,11.1,11.37
1546007400,11.38,11.69,11.38,11.47
1546266600,11.49,11.715,11.35,11.57
1546439400,11.43,12.23,11.39,12.22
1546525800,12.13,12.27,11.92,11.97
1546612200,12.01,12.45,12.01,12.35
1546871400,12.33,12.68,12.23,12.6
1546957800,12.73,12.82,12.61,12.73
1547044200,12.81,12.93,12.75,12.93
1547130600,12.93,13.07,12.83,12.97
1547217000,12.95,13.13,12.92,13.06
1547476200,13.09,13.28,13.03,13.08
1547562600,13.11,13.18,13.04,13.1
1547649000,13.1,13.27,13.06,13.15
1547735400,13.15,13.33,13.1,13.33
1547821800,13.39,13.43,13.15,13.25
1548167400,13.17,13.265,13.05,13.08
1548253800,13.14,13.22,12.98,13.17
1548340200,13.18,13.34,13.11,13.32
1548426600,13.39,13.45,13.32,13.41
1548685800,13.37,13.515,13.29,13.48
1548772200,13.56,13.755,13.34,13.69
1548858600,13.7,13.79,13.52,13.76
1548945000,13.78,13.9,13.58,13.67
1549031400,13.67,13.74,13.52,13.64
1549290600,13.61,13.82,13.56,13.8
1549377000,13.84,13.9,13.495,13.63
1549463400,13.69,13.8,13.59,13.71
1549549800,13.65,13.69,13.32,13.44
1549636200,13.37,13.44,13.25,13.39
1549895400,13.37,13.42,13.29,13.4
1549981800,13.48,13.53,13.38,13.51
1550068200,13.58,13.58,13.41,13.41
1550154600,13.41,13.53,13.29,13.42
1550241000,13.46,13.67,13.39,13.63
1550586600,13.57,13.755,13.525,13.65
1550673000,13.7,13.94,13.64,13.8
1550759400,13.8,13.83,13.59,13.74
1550845800,13.67,14.11,13.665,14
1551105000,14,14.04,13.67,13.77
1551191400,13.74,13.86,13.56,13.65
1551277800,13.61,13.74,12.295,13.11
1551364200,13.15,13.59,13.09,13.32
1551450600,13.42,13.55,13.05,13.29
1551709800,13.27,13.35,12.9,12.97
1551796200,12.98,13,12.59,12.72
1551882600,12.73,12.75,12.46,12.49
1551969000,12.5,12.57,12.29,12.33
1552055400,12.03,12.24,11.91,12.14
1552311000,12.15,12.16,11.95,12.01
1552397400,11.99,12.24,11.96,12.17
1552483800,12.23,12.26,11.95,12
1552570200,11.98,12.105,11.9,12.03
1552656600,12.03,12.085,11.96,12
1552915800,12,12.21,11.9,12.07
1553002200,12.12,12.13,11.86,11.87
1553088600,11.9,12.05,11.7725,11.88
1553175000,11.88,12.01,11.81,11.88
1553261400,11.88,11.94,11.46,11.47
1553520600,11.47,11.5523,11.175,11.19
1553607000,11.25,11.335,10.93,11.06
1553693400,11.49,11.79,10.87,11.01
1553779800,11,11.11,10.75,10.84
1553866200,10.85,10.86,10.475,10.5
1554125400,10.55,10.68,10.46,10.68
1554211800,10.68,10.83,10.505,10.61
1554298200,10.66,10.92,10.645,10.75
1554384600,10.76,10.87,10.7,10.84
1554471000,10.88,11.06,10.88,11
1554730200,11,11.07,10.9301,10.98
1554816600,10.95,11.01,10.91,10.91
1554903000,10.95,11.205,10.93,11.12
1554989400,11.12,11.27,11.1,11.13
1555075800,11.17,11.195,10.89,10.91
1555335000,10.93,10.96,10.82,10.84
1555421400,10.86,10.91,10.77,10.89
1555507800,10.94,10.965,10.81,10.89
1555594200,10.87,10.92,10.68,10.7
1555939800,10.67,10.72,10.44,10.7
1556026200,10.7,10.87,10.7,10.78
1556112600,10.82,10.86,10.61,10.71
1556199000,10.71,10.74,10.42,10.52
1556285400,10.55,10.63,10.51,10.6
1556544600,10.57,10.76,10.515,10.75
1556631000,10.76,10.76,10.595,10.69
1556717400,10.68,10.89,10.6,10.63
1556803800,10.45,10.58,10.21,10.28
1556890200,10.39,10.46,10.29,10.39
1557149400,10.35,10.42,10.2,10.36
1557235800,10.34,10.345,10.135,10.23
1557322200,10.31,10.34,10.165,10.26
1557408600,10.22,10.23,9.96,10.07
1557495000,9.7,10.03,9.68,9.99
1557754200,9.9,9.94,9.7,9.74
1557840600,9.7,9.975,9.7,9.87
1557927000,9.79,10.04,9.76,10.01
1558013400,10,10.225,10,10.06
1558099800,9.99,10.07,9.935,9.96
1558359000,9.94,9.99,9.88,9.95
1558445400,9.96,9.99,9.65,9.7
1558531800,9.69,9.696,9.29,9.33
1558618200,9.3,9.31,9.115,9.22
1558704600,9.27,9.29,8.99,9
1559050200,9,9.05,8.755,8.78
1559136600,8.75,8.7803,8.51,8.6
1559223000,8.64,9.215,8.62,9
1559309400,8.91,9.32,8.86,9.23
1559568600,9.23,9.295,9.16,9.25
1559655000,9.35,9.43,9.17,9.28
1559741400,9.28,9.28,9.14,9.18
1559827800,9.18,9.45,9.16,9.4
1559914200,9.5,9.64,9.44,9.57
1560173400,9.57,9.72,9.57,9.68
1560259800,9.74,9.81,9.59,9.66
1560346200,9.68,9.72,9.19,9.23
1560432600,9.22,9.35,9.17,9.33
1560519000,9.3,9.37,9.23,9.32
1560778200,9.31,9.42,9.27,9.39
1560864600,9.46,9.68,9.46,9.53
1560951000,9.56,9.57,9.4,9.5
1561037400,9.55,9.58,9.48,9.55
1561123800,9.5,9.55,9.365,9.55
1561383000,9.55,9.56,9.375,9.43
1561469400,9.45,9.45,9.205,9.26
1561555800,9.28,9.28,9.1,9.18
1561642200,9.18,9.42,9.17,9.41
1561728600,9.44,9.565,9.35,9.44
1561987800,9.51,9.55,9.11,9.25
1562074200,9.27,9.275,9.07,9.16
1562160600,9.17,9.2,9.09,9.15
1562333400,9.13,9.35,9.1,9.33
1562592600,9.31,9.35,9.23,9.28
1562679000,9.28,9.2905,9.105,9.16
1562765400,9.24,9.31,9.1914,9.25
1562851800,9.26,9.31,9.01,9.2
1562938200,9.24,9.555,9.24,9.46
1563197400,9.45,9.48,9.31,9.41
1563283800,9.41,9.5,9.32,9.34
1563370200,9.33,9.33,8.84,9.03
1563456600,9,9.37,8.81,9.07
1563543000,9.25,10.48,9.2,9.81
1563802200,10.3,10.58,10.03,10.28
1563888600,10.35,10.4,10.275,10.32
1563975000,10.32,10.45,10.28,10.42
1564061400,10.42,10.45,10.09,10.17
1564147800,10.23,10.4,10.15,10.34
1564407000,10.33,10.65,10.3,10.41
1564493400,10.35,10.675,10.35,10.66
1564579800,10.66,11.35,10.55,10.77
1564666200,10.86,10.92,10.58,10.64
1564752600,10.64,10.75,10.44,10.7
1565011800,10.66,10.78,9.71,9.89
1565098200,9.9,10,8,8.05
1565184600,7.8,7.9,7.08,7.11
1565271000,7.26,8.87,7.25,8.81
1565357400,8.66,8.74,7.65,8.08
1565616600,8.09,8.15,7.84,7.97
1565703000,8.03,8.13,7.785,7.93
1565789400,7.76,8.17,7.52,8.14
1565875800,8.15,8.29,8.01,8.17
1565962200,8.25,8.53,8.21,8.5
1566221400,8.21,8.53,8.15,8.5
1566307800,8.49,8.5,8.29,8.46
1566394200,8.49,8.55,8.325,8.34
1566480600,8.35,8.55,8.35,8.41
1566567000,8.37,8.45,8.2,8.35
1566826200,8.45,8.55,8.28,8.54
1566912600,8.57,8.62,8.345,8.43
1566999000,8.43,8.615,8.35,8.46
1567085400,8.51,8.69,8.5,8.52
1567171800,8.83,8.87,8.55,8.78
1567517400,8.74,8.8,8.49,8.71
1567603800,9.01,9.12,8.86,9.05
1567690200,9.04,9.24,8.97,9.08
1567776600,9.1,9.16,8.9,8.97
1568035800,9.02,9.11,8.92,9.07
1568122200,9.05,9.27,8.98,9.2
1568208600,9.21,9.32,9.05,9.27
1568295000,9.29,9.39,9.16,9.19
1568381400,9.21,9.52,9.09,9.2
1568640600,9.2,9.23,8.87,8.94
1568727000,8.92,8.95,8.75,8.84
1568813400,8.81,8.86,8.5,8.68
1568899800,8.68,9.5,8.61,9.2
1568986200,9.25,9.48,9.2,9.36
1569245400,9.51,9.8,9.2,9.69
1569331800,9.7,9.82,9.28,9.4
1569418200,9.38,9.4497,9.21,9.36
1569504600,9.29,9.31,8.75,8.79
1569591000,8.83,9.1,8.81,8.93
1569850200,8.98,9.13,8.8,8.81
1569936600,8.85,9.01,8.58,8.58
1570023000,8.53,8.74,8.32,8.7
1570109400,8.7,8.7,8.4,8.49
1570195800,8.51,8.57,8.35,8.52
1570455000,8.5,8.58,8.39,8.41
1570541400,8.4,8.41,8.09,8.24
1570627800,8.31,8.3363,8.0399,8.08
1570714200,8.11,8.2,7.66,7.71
1570800600,7.75,8.15,7.75,8.12
1571059800,8.06,8.21,7.91,8.17
1571146200,8.15,8.51,8.05,8.5
1571232600,8.49,8.6399,8.4001,8.58
1571319000,8.6,8.99,8.59,8.8
1571405400,8.75,8.9,8.48,8.89
1571664600,8.95,9,8.87,8.94
1571751000,8.95,8.965,8.8,8.9
1571837400,8.9,9.05,8.76,9.05
1571923800,9.07,9.07,8.865,8.99
1572010200,9.03,9.235,9,9.1
1572269400,9.18,9.44,9.18,9.37
1572355800,9.4,9.4,9.26,9.31
1572442200,9.32,9.36,8.98,9.09
1572528600,8.61,8.82,8.38,8.81
1572615000,8.81,9.05,8.41,8.48
1572877800,8.55,8.65,8.2,8.29
1572964200,8.29,8.4651,8.17,8.18
1573050600,8.15,8.15,7.79,7.79
1573137000,7.86,7.97,7.58,7.62
1573223400,7.63,7.69,7.51,7.54
1573482600,7.5,7.56,6.7804,6.91
1573569000,6.96,7.26,6.85,7.13
1573655400,7.12,7.16,6.58,6.68
1573741800,6.65,6.85,6.525,6.57
1573828200,6.6,6.67,6.335,6.36
1574087400,6.39,6.42,6.32,6.32
1574173800,6.36,6.455,6.28,6.28
1574260200,6.25,6.89,6.25,6.7
1574346600,6.71,6.8,6.32,6.37
1574433000,6.59,6.74,6.405,6.49
1574692200,6.44,6.69,6.44,6.59
1574778600,6.58,6.655,6.42,6.46
1574865000,6.49,6.55,6.23,6.26
1575037800,6.26,6.435,6.26,6.36
1575297000,6.34,6.535,6.22,6.49
1575383400,6.4,6.54,6.32,6.52
1575469800,6.52,6.66,6.45,6.5
1575556200,6.5,6.525,6.14,6.17
1575642600,6.24,6.28,6.01,6.02
1575901800,6.05,6.17,5.87,6.11
1575988200,6.11,6.12,5.845,5.89
1576074600,5.89,6.09,5.85,5.94
1576161000,5.92,6.1,5.9,6.07
1576247400,6.05,6.09,5.94,6
1576506600,6.01,6.26,6.01,6.05
1576593000,6.01,6.29,6.01,6.2
1576679400,6.15,6.32,6.15,6.27
1576765800,6.26,6.35,6.18,6.22
1576852200,6.18,6.3934,6.18,6.35
1577111400,6.35,6.46,6.31,6.4
1577197800,6.42,6.44,6.3,6.32
1577370600,6.31,6.39,6.25,6.27
1577457000,6.3,6.33,6.19,6.2
1577716200,6.19,6.21,6.02,6.11
1577802600,6.12,6.43,6.07,6.38
1577975400,6.4,6.47,6.27,6.37
1578061800,6.31,6.45,6.23,6.26
1578321000,6.25,6.34,6.05,6.2
1578407400,6.15,6.27,6.1,6.16
1578493800,6.13,6.16,6,6.09
1578580200,6.1,6.14,5.88,5.94
1578666600,5.97,5.97,5.69,5.81
1578925800,5.83,6.09,5.8,6.06
1579012200,6.06,6.27,5.96,6.17
1579098600,6.16,6.84,6.16,6.82
1579185000,6.86,7.02,6.66,6.99
1579271400,6.98,7.06,6.81,6.96
1579617000,6.95,6.97,6.684,6.9
1579703400,6.93,6.97,6.66,6.85
1579789800,6.83,6.86,6.69,6.85
1579876200,6.82,6.82,6.55,6.65
1580135400,6.6,6.615,6.29,6.33
1580221800,6.35,6.49,6.29,6.46
1580308200,6.51,6.56,6.29,6.34
1580394600,6.25,6.41,6.1,6.39
1580481000,6.38,6.38,6.1,6.11
1580740200,6.11,6.215,6.0705,6.17
1580826600,6.26,6.42,6.2,6.26
1580913000,6.33,6.55,6.27,6.49
1580999400,6.54,6.61,6.445,6.47
1581085800,6.45,6.45,6.21,6.25
1581345000,6.25,6.29,6.04,6.13
1581431400,6.18,6.3833,6.0888,6.35
1581517800,6.43,6.57,6.34,6.46
1581604200,6.41,6.48,6.3495,6.38
1581690600,6.42,6.43,6.22,6.24
1582036200,6.3,6.33,6.205,6.27
1582122600,6.29,6.52,6.24,6.45
1582209000,6.42,6.45,6.05,6.11
1582295400,6.1,6.14,5.86,5.93
1582554600,5.74,5.79,5.54,5.55
1582641000,5.58,5.6495,5.075,5.09
1582727400,5.16,5.16,4.8,4.89
1582813800,4.51,5.25,3.75,4.8
1582900200,4.61,4.75,4.055,4.2
1583159400,4.2,4.2,3.8,3.92
1583245800,3.91,4.05,3.8,3.98
1583332200,4.03,4.23,3.935,4.15
1583418600,4.03,4.0374,3.7201,3.85
1583505000,3.93,4.24,3.8,4.07
1583760600,3.75,3.75,3.05,3.09
1583847000,3.25,3.74,3.22,3.53
1583933400,3.42,3.59,3.34,3.5
1584019800,3.26,3.34,2.67,3.32
1584106200,3.49,3.7,3.05,3.42
1584365400,3,3.09,2.58,2.6
1584451800,2.84,2.84,2.24,2.35
1584538200,2.24,2.27,1.06,1.25
1584624600,1.45,1.6,1.2,1.6
1584711000,1.59,1.77,1.43,1.61
1584970200,1.74,1.7699,1.62,1.65
1585056600,1.76,2.05,1.59,1.97
1585143000,1.94,2.44,1.7,1.71
1585229400,1.77,2.27,1.75,2.01
1585315800,1.86,2.11,1.76,1.99
1585575000,1.93,2,1.8,1.94
1585661400,1.9,1.94,1.48,1.48
1585747800,1.45,1.48,1.11,1.19
1585834200,1.2,1.23,0.95,0.97
1585920600,0.9901,1.06,0.722,0.82
1586179800,0.8605,0.88,0.637,0.6739
1586266200,0.8239,1,0.63,0.6369
1586352600,0.73,0.7719,0.6602,0.7417
1586439000,0.8105,1.1,0.785,0.9296
1586784600,1,1.04,0.82,0.9809
1586871000,1.04,1.05,0.91,1
1586957400,0.9,0.9869,0.865,0.9523
1587043800,0.95,0.967,0.88,0.88
1587130200,0.945,0.98,0.8901,0.9046
1587389400,0.9115,0.928,0.8,0.8039
1587475800,0.8,0.8,0.76,0.7812
1587562200,0.81,0.814,0.7163,0.749
1587648600,0.7519,0.85,0.75,0.7686
1587735000,0.8111,0.8111,0.7101,0.7176
1587994200,0.75,0.8901,0.742,0.8833
1588080600,0.93,0.9959,0.86,0.8605
1588167000,0.94,0.9592,0.87,0.921
1588253400,0.95,1.25,0.9027,1.13
1588339800,1.13,1.17,1,1.1
1588599000,1.09,1.11,1.04,1.06
1588685400,1.12,1.15,1.05,1.1
1588771800,1.12,1.13,1.04,1.07
1588858200,1.11,1.1699,0.9111,0.9756
1588944600,0.9925,1.11,0.98,1.09
1589203800,1.11,1.61,1.09,1.39
1589290200,1.38,1.39,1.1,1.11
1589376600,1.15,1.17,0.985,1.01
1589463000,0.98,1.05,0.89,1.02
1589549400,0.99,1.02,0.9425,0.9457
1589808600,0.99,1.06,0.97,1.02
1589895000,1.06,1.29,1.01,1.18
1589981400,1.24,1.25,1.1507,1.23
1590067800,1.22,1.47,1.19,1.42
1590154200,1.45,1.48,1.33,1.37
1590499800,1.45,1.53,1.41,1.45
1590586200,1.56,1.6,1.47,1.48
1590672600,1.5,1.53,1.3,1.33
1590759000,1.33,1.35,1.27,1.31
1591018200,1.43,1.43,1.31,1.37
1591104600,1.39,1.5,1.35,1.41
1591191000,1.45,1.45,1.32,1.34
1591277400,1.35,1.49,1.31,1.39
1591363800,1.51,3.44,1.45,2.81
1591623000,3.03,3.28,2.73,2.91
1591709400,2.8,2.8,2.4,2.7
1591795800,2.63,2.84,2.26,2.61
1591882200,2.35,2.35,1.71,1.84
1591968600,2.02,2.3,1.93,2.02
1592227800,1.92,2.14,1.8,2.08
1592314200,2.23,2.23,2,2.07
1592400600,2.09,2.1,1.94,1.99
1592487000,1.95,2.01,1.88,1.9
1592573400,1.9,1.97,1.795,1.86
1592832600,1.9,1.9,1.65,1.71
1592919000,1.75,1.82,1.65,1.69
1593005400,1.67,1.68,1.52,1.59
1593091800,1.54,1.64,1.51,1.53
1593178200,1.55,1.57,1.37,1.43
1593437400,1.47,1.51,1.42,1.46
1593523800,1.46,1.47,1.35,1.38
1593610200,1.4,1.5,1.33,1.33
1593696600,1.41,1.44,1.26,1.27
1594042200,1.31,1.33,1.16,1.17
1594128600,1.2,1.22,1.08,1.16
1594215000,1.15,1.23,1.09,1.19
1594301400,1.2,1.3,1.1,1.18
1594387800,1.16,1.25,1.13,1.21
1594647000,1.21,1.29,1.17,1.17
1594733400,1.18,1.205,1.15,1.16
1594819800,1.22,1.39,1.2,1.34
1594906200,1.33,1.5,1.275,1.43
1594992600,1.43,1.45,1.33,1.33
1595251800,1.35,1.37,1.23,1.23
1595338200,1.25,1.385,1.2421,1.36
1595424600,1.36,1.45,1.33,1.35
1595511000,1.38,1.45,1.32,1.44
1595597400,1.5,1.79,1.49,1.58
1595856600,1.57,1.6,1.42,1.45
1595943000,1.43,1.55,1.39,1.47
1596029400,1.48,1.61,1.47,1.5
1596115800,1.49,1.51,1.41,1.45
1596202200,1.45,1.48,1.4,1.48
1596461400,1.48,1.59,1.435,1.57
1596547800,1.56,1.8,1.5,1.73
1596634200,1.72,1.7599,1.56,1.67
1596720600,1.45,1.61,1.26,1.6
1596807000,1.55,1.57,1.46,1.54
1597066200,1.52,1.8,1.51,1.77
1597152600,1.83,2.04,1.74,1.77
1597239000,1.83,1.94,1.76,1.88
1597325400,1.9,1.93,1.735,1.74
1597411800,1.73,1.84,1.65,1.78
1597671000,1.86,1.86,1.71,1.71
1597757400,1.72,1.74,1.58,1.64
1597843800,1.65,1.73,1.61,1.68
1597930200,1.65,1.7,1.61,1.65
1598016600,1.62,1.69,1.55,1.55
1598275800,1.56,1.76,1.56,1.7
1598362200,1.71,1.715,1.6,1.64
1598448600,1.66,1.683,1.56,1.59
1598535000,1.62,1.68,1.6,1.65
1598621400,1.7,1.9,1.675,1.87
1598880600,1.92,1.92,1.73,1.73
1598967000,1.73,1.79,1.67,1.78
1599053400,1.78,1.82,1.72,1.76
1599139800,1.75,1.85,1.71,1.75
1599226200,1.75,1.89,1.7222,1.84
1599571800,1.86,1.87,1.71,1.78
1599658200,1.8,1.83,1.71,1.72
1599744600,1.72,1.78,1.68,1.7
1599831000,1.71,1.75,1.61,1.64
1600090200,1.61,1.71,1.58,1.69
1600176600,1.7,1.7011,1.6,1.61
1600263000,1.6,1.67,1.59,1.62
1600349400,1.62,1.65,1.55,1.57
1600435800,1.6,1.615,1.5211,1.59
1600695000,1.58,1.6,1.41,1.43
1600781400,1.45,1.48,1.4,1.46
1600867800,1.46,1.465,1.32,1.35
1600954200,1.3,1.35,1.23,1.25
1601040600,1.25,1.31,1.25,1.26
1601299800,1.3,1.43,1.3,1.38
1601386200,1.41,1.47,1.34,1.34
1601472600,1.34,1.4,1.295,1.3
1601559000,1.31,1.36,1.29,1.36
1601645400,1.27,1.37,1.26,1.35
1601904600,1.35,1.42,1.35,1.39
1601991000,1.41,1.54,1.4,1.46
1602077400,1.49,1.49,1.38,1.41
1602163800,1.43,1.51,1.43,1.5
1602250200,1.52,1.53,1.43,1.44
1602509400,1.43,1.4405,1.38,1.43
1602595800,1.4,1.53,1.39,1.48
1602682200,1.48,1.52,1.45,1.45
1602768600,1.44,1.49,1.43,1.46
1602855000,1.45,1.49,1.44,1.48
1603114200,1.5,1.5,1.4589,1.46
1603200600,1.44,1.5,1.42,1.45
1603287000,1.46,1.47,1.41,1.43
1603373400,1.43,1.47,1.42,1.44
1603459800,1.46,1.5,1.45,1.47
1603719000,1.42,1.47,1.37,1.39
1603805400,1.4,1.4,1.32,1.32
1603891800,1.33,1.34,1.26,1.27
1603978200,1.3,1.33,1.26,1.28
1604064600,1.27,1.31,1.15,1.15
1604327400,1.2,1.2501,1.03,1.14
1604413800,1.28,1.45,1.23,1.45
1604500200,1.36,1.41,1.26,1.28
1604586600,1.32,1.41,1.31,1.41
1604673000,1.4,1.41,1.36,1.37
1604932200,1.45,1.6,1.4432,1.54
1605018600,1.6,1.74,1.515,1.69
1605105000,1.65,1.71,1.56,1.7
1605191400,1.57,1.72,1.5509,1.68
1605277800,1.67,1.75,1.63,1.72
1605537000,1.76,1.85,1.73,1.74
1605623400,1.87,2.42,1.81,2.31
1605709800,2.29,2.55,2.26,2.43
1605796200,2.34,2.49,2.14,2.33
1605882600,2.26,2.47,2.25,2.29
1606141800,2.34,2.85,2.325,2.83
1606228200,2.93,3.05,2.69,3.04
1606314600,2.92,3,2.74,2.95
1606487400,2.94,2.95,2.72,2.81
1606746600,2.8,2.885,2.68,2.84
1606833000,2.93,2.99,2.49,2.52
1606919400,2.48,2.67,2.43,2.65
1607005800,2.68,2.8501,2.68,2.83
1607092200,2.89,2.99,2.85,2.99
1607351400,2.98,2.98,2.71,2.76
1607437800,2.73,2.835,2.715,2.81
1607524200,2.81,2.905,2.76,2.81
1607610600,2.77,3.02,2.77,2.91
1607697000,2.87,2.95,2.79,2.8
1607956200,2.85,2.87,2.58,2.59
1608042600,2.61,2.7,2.57,2.63
1608129000,2.63,2.67,2.54,2.6
1608215400,2.72,2.72,2.585,2.69
1608301800,2.69,2.7,2.55,2.55
1608561000,2.47,2.53,2.38,2.47
1608647400,2.48,2.51,2.3167,2.43
1608733800,2.46,2.68,2.4,2.66
1608820200,2.66,2.82,2.622,2.75
1609165800,2.79,2.87,2.71,2.8
1609252200,2.78,3.84,2.74,3.19
1609338600,3.1,3.18,2.84,2.9
1609425000,2.98,3.56,2.87,3.36
1609770600,3.36,3.398,2.94,3.17
1609857000,3.11,3.36,3.08,3.19
1609943400,3.27,3.59,3.24,3.53
1610029800,3.52,3.66,3.44,3.5
1610116200,3.55,3.55,3.32,3.42
1610375400,3.38,3.53,3.23,3.28
1610461800,3.35,4.01,3.32,3.86
1610548200,3.9,3.99,3.615,3.69
1610634600,3.78,4.06,3.68,3.98
1610721000,3.88,4.15,3.82,3.97
1611066600,4.08,4.32,3.96,4.19
1611153000,4.22,4.27,3.9,3.97
1611239400,3.97,4.13,3.92,4.02
1611325800,3.94,4.22,3.9,4.19
1611585000,4.26,4.39,3.96,4.22
1611671400,4.22,4.3,4.12,4.2
1611757800,4,4.87,3.97,4.61
1611844200,4.62,4.86,4.12,4.21
1611930600,4.26,4.54,4.1201,4.48
1612189800,4.53,4.61,4.24,4.52
1612276200,4.58,4.6398,4.34,4.58
1612362600,4.57,4.64,4.41,4.55
1612449000,4.54,4.74,4.485,4.68
1612535400,4.75,4.828,4.625,4.77
1612794600,4.85,5.33,4.85,5.13
1612881000,5.16,5.7899,4.98,5.64
1612967400,5.88,5.88,5.3,5.42
1613053800,5.41,5.45,4.94,5.22
1613140200,5.18,5.28,5,5.26
1613485800,5.34,5.53,5.18,5.39
1613572200,5.39,5.5399,5.23,5.51
1613658600,5.47,5.56,5.38,5.5
1613745000,5.5,5.82,5.4,5.71
1614004200,5.72,5.785,5.62,5.7
1614090600,5.52,5.59,5.23,5.45
1614177000,5.43,5.69,5.43,5.61
1614263400,5.5,5.75,4.7,4.82
1614349800,4.82,5.08,4.65,4.95
1614609000,5.08,5.31,4.981,5.29
1614695400,5.27,5.57,5.1919,5.46
1614781800,5.39,5.6,5.275,5.29
1614868200,5.27,5.33,4.84,5.18
1614954600,5.32,5.49,4.89,5.35
1615213800,5.34,5.55,5.25,5.44
1615300200,5.49,5.89,5.4289,5.7
1615386600,5.78,6.24,5.6,5.71
1615473000,5.72,5.7432,5.5,5.74
1615559400,5.71,5.8489,5.58,5.67
1615815000,5.59,5.79,5.57,5.75
1615901400,5.68,6.03,5.635,5.85
1615987800,5.87,6.06,5.8,5.93
1616074200,5.84,5.995,5.75,5.79
1616160600,5.8,6.06,5.45,6
1616419800,6.05,6.2,5.7,5.89
1616506200,5.96,6.33,5.25,5.25
1616592600,5.57,5.57,4.97,4.99
1616679000,4.88,5.33,4.81,5.27
1616765400,5.36,5.4,4.97,5.35
1617024600,5.3,5.4,5,5
1617111000,5,5.34,4.99,5.32
1617197400,5.3,5.49,5.22,5.38
1617283800,5.44,5.48,5.25,5.33
1617629400,5.42,5.4672,5.19,5.32
1617715800,5.28,5.36,5.21,5.24
1617802200,5.22,5.2892,5.1,5.15
1617888600,5.15,5.1589,5.01,5.07
1617975000,5.06,5.3,5,5.19
1618234200,5.18,5.3,5.13,5.25
1618320600,5.25,5.27,5.035,5.13
1618407000,5.15,5.37,5.12,5.13
1618493400,5.14,5.2,4.77,4.87
1618579800,4.88,4.925,4.745,4.86
1618839000,4.83,4.87,4.69,4.82
1618925400,4.8,4.82,4.52,4.65
1619011800,4.64,4.88,4.57,4.87
1619098200,4.9,5.02,4.835,4.84
1619184600,4.86,4.95,4.76,4.87
1619443800,4.92,5.01,4.855,4.89
1619530200,4.9,4.99,4.57,4.7
1619616600,4.64,4.71,4.551,4.68
1619703000,4.72,4.77,4.51,4.62
1619789400,4.57,4.69,4.45,4.54
1620048600,4.57,4.67,4.54,4.62
1620135000,4.58,4.59,4.37,4.57
1620221400,4.64,4.66,4.41,4.45
1620307800,4.4,4.51,4.24,4.5
1620394200,3.87,4.49,3.66,4.46
1620653400,4.48,4.6326,4.1701,4.32
1620739800,4.13,4.57,4.01,4.54
1620826200,4.5,4.73,4.42,4.44
1620912600,4.55,5.1,4.52,4.87
1620999000,4.88,5.215,4.765,5.21
1621258200,5.15,5.49,5.14,5.19
1621344600,5.22,5.34,5.12,5.17
1621431000,5.04,5.26,5.02,5.16
1621517400,5.15,5.25,5.05,5.19
1621603800,5.22,5.26,5.07,5.07
1621863000,5.05,5.14,4.94,4.99
1621949400,4.97,5.09,4.88,4.88
1622035800,4.91,5.04,4.84,4.96
1622122200,4.99,5.238,4.98,5.2
1622208600,5.23,5.23,4.905,5.13
1622554200,5.15,5.23,5.1,5.15
1622640600,5.17,5.28,5.01,5.27
1622727000,5.1,5.29,5.07,5.18
1622813400,5.18,5.26,5.01,5.06
1623072600,5.07,5.24,5.05,5.15
1623159000,5.16,5.32,5.09,5.26
1623245400,5.3,5.43,5.18,5.36
1623331800,5.43,5.43,5.22,5.22
1623418200,5.27,5.545,5.27,5.51
1623677400,5.46,5.76,5.4501,5.71
1623763800,5.74,5.77,5.53,5.61
1623850200,5.61,5.82,5.55,5.77
1623936600,5.82,5.855,5.55,5.61
1624023000,5.5,5.53,5.335,5.42
1624282200,5.44,5.78,5.4207,5.78
1624368600,5.79,5.79,5.54,5.74
1624455000,5.75,6.13,5.7101,5.9
1624541400,5.93,6.005,5.795,5.95
1624627800,5.97,6.06,5.84,5.84
1624887000,5.82,5.82,5.31,5.41
1624973400,5.44,5.5,5.29,5.34
1625059800,5.33,5.52,5.24,5.49
1625146200,5.55,5.55,5.33,5.39
1625232600,5.43,5.43,5.15,5.18
1625578200,5.225,5.225,4.92,4.99
1625664600,4.98,5.02,4.82,4.99
1625751000,4.8,4.95,4.64,4.81
1625837400,4.95,5.0699,4.91,4.95
1626096600,4.9,5.01,4.79,5
1626183000,4.96,5.03,4.83,4.84
1626269400,4.89,4.96,4.7,4.86
1626355800,4.85,5.09,4.74,4.91
1626442200,4.98,5,4.78,4.84
1626701400,4.535,4.915,4.5,4.86
1626787800,4.9,5.28,4.825,5.22
1626874200,5.26,5.64,5.26,5.52
1626960600,5.5,5.58,5.18,5.22
1627047000,5.23,5.27,5.05,5.17
1627306200,5.22,5.6,5.21,5.57
1627392600,5.63,5.785,5.41,5.63
1627479000,5.63,5.72,5.43,5.58
1627565400,5.67,5.795,5.589,5.66
1627651800,5.63,5.81,5.59,5.77
1627911000,5.74,5.88,5.69,5.7
1627997400,5.7,5.7,5.42,5.57
1628083800,5.55,5.64,5.31,5.42
1628170200,5.47,5.61,5.45,5.55
1628256600,5.93,6.49,5.87,6.34
1628515800,6.36,6.54,6.17,6.18
1628602200,6.21,6.35,6.08,6.19
1628688600,6.19,6.19,6.031,6.16
1628775000,6.2,6.28,5.88,5.89
1628861400,5.86,5.94,5.75,5.79
1629120600,5.76,5.9,5.61,5.74
1629207000,5.7,5.7,5.4897,5.68
1629293400,5.59,5.67,5.41,5.42
1629379800,5.32,5.36,5.15,5.25
1629466200,5.22,5.51,5.2,5.44
1629725400,5.58,5.8,5.57,5.73
1629811800,5.83,6.23,5.78,6.1
1629898200,6.13,6.36,6.13,6.24
1629984600,6.3,6.36,6.12,6.26
1630071000,6.26,6.64,6.21,6.56
1630330200,6.66,6.7,6.35,6.42
1630416600,6.4,6.435,6.12,6.35
1630503000,6.41,6.55,6.26,6.53
1630589400,6.54,6.715,6.405,6.62
1630675800,6.62,6.63,6.3,6.42
1631021400,6.44,6.705,6.4,6.54
1631107800,6.62,6.64,6.33,6.34
1631194200,6.38,6.47,6.2,6.36
1631280600,6.4,6.41,6.13,6.18
1631539800,6.24,6.52,6.16,6.46
1631626200,6.53,6.53,6.33,6.41
1631712600,6.39,6.545,6.27,6.5
1631799000,6.52,6.61,6.48,6.5
1631885400,6.77,7.05,6.73,6.88
1632144600,6.55,6.74,6.33,6.61
1632231000,6.63,6.8467,6.425,6.6
1632317400,6.7,6.84,6.67,6.72
1632403800,6.8,6.95,6.7401,6.83
1632490200,6.87,6.92,6.72,6.73
1632749400,6.8,7.03,6.75,6.85
1632835800,6.84,6.96,6.54,6.54
1632922200,6.61,6.61,6.27,6.49
1633008600,6.46,6.685,6.37,6.68
1633095000,6.71,6.96,6.68,6.93
1633354200,6.92,6.97,6.69,6.74
1633440600,6.8,6.83,6.65,6.81
1633527000,6.66,6.72,6.12,6.32
1633613400,6.27,6.44,6.23,6.31
1633699800,6.28,6.43,6.16,6.2
1633959000,6.2,6.325,6.1,6.12
1634045400,6.11,6.24,6.06,6.17
1634131800,6.21,6.21,6.07,6.11
1634218200,6.23,6.32,6.1201,6.22
1634304600,6.37,6.37,6.05,6.06
1634563800,6,6.16,5.96,6.14
1634650200,6.14,6.175,5.97,5.98
1634736600,5.99,6.18,5.87,6.09
1634823000,6.09,6.305,6.08,6.24
1634909400,6.19,6.24,5.96,5.98
1635168600,6.055,6.22,5.945,6.2
1635255000,6.23,6.25,5.875,5.89
1635341400,5.89,5.9,5.7227,5.77
1635427800,5.8,5.89,5.74,5.87
1635514200,5.88,5.9,5.76,5.8
1635773400,5.86,6.25,5.78,6.2
1635859800,6.19,6.2,5.935,6.05
1635946200,6.05,6.21,6.01,6.21
1636032600,6.25,6.35,6.18,6.3
1636119000,6,6.17,5.56,5.74
1636381800,5.82,5.92,5.77,5.85
1636468200,5.8,5.84,5.57,5.63
1636554600,5.57,5.64,5.43,5.44
1636641000,5.45,5.61,5.39,5.44
1636727400,5.44,5.46,5.31,5.37
1636986600,5.445,5.55,5.37,5.5
1637073000,5.475,5.48,5.345,5.48
1637159400,5.4,5.475,5.36,5.37
1637245800,5.4,5.44,5.18,5.3
1637332200,5.24,5.28,5.09,5.15
1637591400,5.2,5.405,5.165,5.19
1637677800,5.17,5.22,5.035,5.09
1637764200,5.05,5.14,4.9601,5.09
1637937000,4.89,5.045,4.79,5.04
1638196200,5.15,5.1512,4.94,5.05
1638282600,4.96,5.12,4.89,5.11
1638369000,5.27,5.31,4.77,4.8
1638455400,4.8,5.055,4.72,5.04
1638541800,5.06,5.09,4.87,4.97
1638801000,5.07,5.19,4.95,5.06
1638887400,5.13,5.175,4.99,5.01
1638973800,5.04,5.19,5.01,5.14
1639060200,5.1,5.1488,4.955,4.96
1639146600,4.97,5.07,4.84,5.06
1639405800,5.06,5.06,4.895,4.93
1639492200,4.91,4.99,4.71,4.72
1639578600,4.72,4.87,4.52,4.86
1639665000,4.9,4.94,4.72,4.76
1639751400,4.75,5,4.665,4.98
1640010600,4.91,4.96,4.78,4.89
1640097000,4.91,5.17,4.91,5.16
1640183400,5.16,5.28,5.1,5.26
1640269800,5.34,5.66,5.29,5.61
1640615400,5.57,5.59,5.38,5.47
1640701800,5.44,5.59,5.29,5.3
1640788200,5.28,5.32,5.195,5.24
1640874600,5.23,5.345,5.21,5.23
1640961000,5.23,5.34,5.16,5.33
1641220200,5.41,5.56,5.41,5.54
1641306600,5.55,5.65,5.44,5.45
1641393000,5.44,5.44,4.9,5.01
1641479400,5.1,5.21,4.99,5.07
1641565800,5.02,5.14,4.99,5.05
1641825000,5.04,5.09,4.93,5.08
1641911400,5.09,5.145,5,5.08
1641997800,5.14,5.175,5.06,5.06
1642084200,5.12,5.3,5.12,5.14
1642170600,5.05,5.3,5.04,5.3
1642516200,5.26,5.5,5.17,5.3
1642602600,5.39,5.5,5.305,5.49
1642689000,5.5,5.6,5.2,5.21
1642775400,5.14,5.25,4.96,5
1643034600,4.91,4.93,4.6315,4.91
1643121000,4.83,4.93,4.735,4.88
1643207400,4.93,5,4.675,4.77
1643293800,4.76,4.83,4.59,4.67
1643380200,4.65,4.79,4.52,4.78
1643639400,4.76,4.94,4.75,4.86
1643725800,5.22,5.505,5.16,5.3
1643812200,5.3,5.51,5.28,5.43
1643898600,5.31,5.55,5.3,5.52
1643985000,5.51,5.7,5.465,5.64
1644244200,5.65,5.7688,5.545,5.59
1644330600,5.6,5.83,5.6,5.75
1644417000,5.8,6.35,5.777,6.01
1644503400,5.93,6.12,5.93,6.05
1644589800,6.03,6.071,5.91,5.99
1644849000,5.96,6.14,5.93,6
1644935400,6.09,6.28,6.06,6.18
1645021800,6.15,6.38,6.1,6.28
1645108200,6.19,6.25,5.903,5.96
1645194600,5.9,6.015,5.68,5.72
1645540200,5.65,5.71,5.49,5.52
1645626600,5.51,5.58,5.28,5.31
1645713000,4.4,4.955,4.23,4.95
1645799400,4.96,5.01,4.745,5.01
1646058600,4.91,5.035,4.8523,4.96
1646145000,4.92,4.99,4.6,4.65
1646231400,4.68,4.905,4.68,4.86
1646317800,4.88,4.9,4.735,4.86
1646404200,4.76,4.8,4.595,4.67
1646663400,4.67,4.67,4.49,4.52
1646749800,4.45,4.69,4.36,4.49
1646836200,4.61,4.74,4.57,4.6
1646922600,4.52,4.6375,4.4,4.49
1647009000,4.52,4.555,4.26,4.27
1647264600,4.28,4.33,4.185,4.26
1647351000,4.28,4.37,4.265,4.37
1647437400,4.55,4.74,4.5,4.68
1647523800,4.67,4.72,4.6,4.69
1647610200,4.66,4.7301,4.625,4.69
1647869400,4.68,4.73,4.5,4.52
1647955800,4.55,4.74,4.55,4.66
1648042200,4.65,4.725,4.61,4.63
1648128600,4.64,4.64,4.505,4.6
1648215000,4.6,4.67,4.575,4.61
1648474200,4.58,4.69,4.48,4.55
1648560600,4.64,4.865,4.64,4.78
1648647000,4.76,4.8,4.67,4.7
1648733400,4.65,4.7,4.51,4.51
1648819800,4.54,4.56,4.46,4.56
1649079000,4.54,4.61,4.51,4.57
1649165400,4.56,4.58,4.335,4.37
1649251800,4.3,4.34,4.18,4.26
1649338200,4.2,4.28,4.095,4.22
1649424600,4.18,4.22,4.125,4.17
1649683800,4.14,4.23,4.09,4.16
1649770200,4.25,4.4,4.2,4.23
1649856600,4.22,4.36,4.22,4.3
1649943000,4.3,4.355,4.215,4.25
1650288600,4.2,4.27,4.13,4.25
1650375000,4.27,4.405,4.245,4.3
1650461400,4.35,4.35,4.22,4.3
1650547800,4.35,4.41,4.1808,4.22
1650634200,4.19,4.21,4.09,4.1
1650893400,4.04,4.14,4.01,4.13
1650979800,4.05,4.11,4,4.01
1651066200,4.01,4.05,3.91,4.03
1651152600,4.05,4.195,3.995,4.16
1651239000,4.14,4.17,4.01,4.01
1651498200,4,4.08,3.94,4.06
1651584600,4.05,4.13,3.965,4.07
1651671000,4.09,4.24,4,4.2
1651757400,3.98,4.18,3.91,4.06
1651843800,4.02,4.07,3.81,3.83
1652103000,3.75,3.885,3.732,3.79
1652189400,3.86,3.91,3.64,3.71
1652275800,3.76,3.89,3.72,3.75
1652362200,3.73,3.84,3.665,3.77
1652448600,3.83,4.05,3.8272,3.95
1652707800,3.95,4.055,3.935,3.96
1652794200,3.98,4.08,3.94,4.05
1652880600,3.96,4.065,3.9,3.94
1652967000,3.9,4,3.885,3.9
1653053400,3.96,3.965,3.71,3.81
1653312600,3.82,3.865,3.74,3.82
1653399000,3.78,3.78,3.54,3.62
1653485400,3.59,3.755,3.58,3.73
1653571800,3.76,3.91,3.76,3.87
1653658200,3.94,3.99,3.89,3.91
1654003800,3.9,3.97,3.85,3.93
1654090200,3.97,4,3.81,3.91
1654176600,3.93,4.02,3.88,3.98
1654263000,3.92,3.96,3.83,3.87
1654522200,3.94,3.94,3.75,3.78
1654608600,3.75,3.82,3.71,3.79
1654695000,3.75,3.82,3.71,3.73
1654781400,3.72,3.72,3.54,3.54
1654867800,3.52,3.59,3.41,3.44
1655127000,3.36,3.36,3.09,3.11
1655213400,3.11,3.11,3.01,3.07
1655299800,3.11,3.19,3.06,3.15
1655386200,3.07,3.08,2.93,2.95
1655472600,3.02,3.13,2.97,3.09
1655818200,3.1,3.22,3.06,3.08
1655904600,3.02,3.1,3,3.03
1655991000,3.03,3.09,2.93,3.04
1656077400,3.06,3.175,3.06,3.12
1656336600,3.15,3.15,3.03,3.08
1656423000,3.12,3.16,2.96,2.96
1656509400,2.95,2.95,2.81,2.91
1656595800,2.88,2.94,2.78,2.9
1656682200,2.88,2.935,2.845,2.91
1657027800,2.92,2.92,2.74,2.85
1657114200,2.83,2.87,2.77,2.82
1657200600,2.82,2.89,2.74,2.82
1657287000,2.64,2.825,2.6,2.62
1657546200,2.61,2.63,2.45,2.45
1657632600,2.49,2.77,2.47,2.65
1657719000,2.59,2.72,2.57,2.64
1657805400,2.59,2.62,2.53,2.59
1657891800,2.67,2.67,2.575,2.65
1658151000,2.7,2.755,2.68,2.7
1658237400,2.76,2.895,2.76,2.86
1658323800,2.84,3.03,2.805,3
1658410200,2.96,2.99,2.85,2.93
1658496600,2.91,2.95,2.8325,2.88
1658755800,2.88,2.91,2.815,2.89
1658842200,2.89,2.89,2.77,2.79
1658928600,2.84,3.005,2.815,2.98
1659015000,2.98,2.98,2.895,2.98
1659101400,2.97,3.03,2.94,3.01
1659360600,3,3.04,2.93,3.01
1659447000,2.99,3.09,2.945,3.07
1659533400,3.09,3.24,3.065,3.21
1659619800,2.37,2.45,2.27,2.3
1659706200,2.29,2.435,2.25,2.36
1659965400,2.32,2.52,2.31,2.36
1660051800,2.5,2.56,2.32,2.37
1660138200,2.4,2.54,2.39,2.47
1660224600,2.5,2.77,2.5,2.6
1660311000,2.59,2.61,2.5,2.56
1660570200,2.55,2.57,2.435,2.5
1660656600,2.47,2.56,2.43,2.44
1660743000,2.43,2.47,2.31,2.35
1660829400,2.33,2.34,2.24,2.26
1660915800,2.28,2.29,2.2,2.25
1661175000,2.21,2.25,2.19,2.2
1661261400,2.2,2.24,2.2,2.2
1661347800,2.2,2.23,2.18,2.21
1661434200,2.19,2.23,2.16,2.21
1661520600,2.2,2.305,2.155,2.27
1661779800,2.25,2.37,2.2,2.36
1661866200,2.37,2.39,2.29,2.32
1661952600,2.32,2.38,2.3,2.32
1662039000,2.28,2.33,2.24,2.32
1662125400,2.37,2.37,2.27,2.29
1662471000,2.3,2.3,2.13,2.13
1662557400,2.17,2.21,2.08,2.2
1662643800,2.17,2.23,2.15,2.22
1662730200,2.22,2.3,2.22,2.27
1662989400,2.28,2.36,2.28,2.33
1663075800,2.28,2.3,2.225,2.26
1663162200,2.25,2.25,2.13,2.18
1663248600,2.16,2.189,2.115,2.14
1663335000,2.07,2.08,1.98,2.06
1663594200,2.01,2.18,1.991,2.17
1663680600,2.16,2.17,2.1,2.1
1663767000,2.14,2.15,1.98,1.98
1663853400,2,2.02,1.94,1.99
1663939800,1.95,1.97,1.88,1.92
1664199000,1.92,1.94,1.78,1.79
1664285400,1.84,1.869,1.73,1.75
1664371800,1.77,1.89,1.75,1.85
1664458200,1.79,1.79,1.605,1.62
1664544600,1.61,1.66,1.52,1.53
1664803800,1.57,1.58,1.48,1.53
1664890200,1.58,1.63,1.53,1.63
1664976600,1.6,1.61,1.52,1.57
1665063000,1.56,1.58,1.5,1.52
1665149400,1.5,1.52,1.47,1.49
1665408600,1.5,1.52,1.45,1.46
1665495000,1.43,1.4471,1.315,1.41
1665581400,1.39,1.42,1.365,1.4
1665667800,1.32,1.38,1.31,1.37
1665754200,1.39,1.398,1.35,1.35
1666013400,1.37,1.42,1.35,1.37
1666099800,1.4,1.42,1.335,1.35
1666186200,1.33,1.365,1.26,1.29
1666272600,1.3,1.36,1.28,1.31
1666359000,1.32,1.405,1.25,1.4
1666618200,1.4,1.49,1.35,1.42
1666704600,1.41,1.6,1.41,1.57
1666791000,1.59,1.64,1.55,1.57
1666877400,1.58,1.58,1.48,1.49
1666963800,1.47,1.54,1.465,1.52
1667223000,1.5,1.52,1.43,1.45
1667309400,1.46,1.5,1.42,1.44
1667395800,1.46,1.555,1.4,1.48
1667482200,1.5,1.77,1.485,1.75
1667568600,1.78,1.83,1.72,1.82
1667831400,1.86,2.025,1.75,1.99
1667917800,2.05,2.07,1.88,1.94
1668004200,1.93,1.93,1.82,1.83
1668090600,1.88,2.035,1.87,2.03
1668177000,2.02,2.28,2,2.28
1668436200,2.27,2.3,2.185,2.2
1668522600,2.22,2.365,2.22,2.25
1668609000,2.23,2.3,2.11,2.19
1668695400,2.16,2.19,2.075,2.14
1668781800,2.19,2.19,2.08,2.09
1669041000,2.02,2.12,1.975,2.09
1669127400,2.1,2.14,2.02,2.14
1669213800,2.13,2.29,2.13,2.23
1669386600,2.25,2.28,2.235,2.27
1669645800,2.22,2.33,2.22,2.31
1669732200,2.34,2.365,2.29,2.32
1669818600,2.36,2.53,2.245,2.5
1669905000,2.47,2.56,2.44,2.46
1669991400,2.41,2.625,2.382,2.58
1670250600,2.55,2.65,2.55,2.61
1670337000,2.59,2.77,2.58,2.77
1670423400,2.72,2.75,2.5,2.51
1670509800,2.55,2.591,2.48,2.49
1670596200,2.48,2.53,2.425,2.47
1670855400,2.43,2.43,2.325,2.41
1670941800,2.51,2.55,2.29,2.33
1671028200,2.3,2.3,2.17,2.2
1671114600,2.33,2.33,2.12,2.16
1671201000,2.1,2.15,2.02,2.04
1671460200,2.07,2.075,1.87,1.89
1671546600,1.88,2.04,1.86,2.01
1671633000,2.03,2.1,1.99,2.06
1671719400,2.05,2.11,2,2.09
1671805800,2.08,2.12,2.05,2.1
1672151400,2.12,2.1375,2.045,2.07
1672237800,2.06,2.09,1.89,1.91
1672324200,1.92,2.03,1.92,2
1672410600,1.95,2.065,1.95,2.03
1672756200,2.07,2.18,2.03,2.12
1672842600,2.16,2.3,2.115,2.29
1672929000,2.27,2.31,2.195,2.3
1673015400,2.32,2.335,2.25,2.29
1673274600,2.32,2.4075,2.32,2.33
1673361000,2.33,2.43,2.32,2.4
1673447400,2.41,2.435,2.26,2.34
1673533800,2.36,2.41,2.32,2.37
1673620200,2.34,2.4,2.28,2.35
1673965800,2.4,2.43,2.32,2.36
1674052200,2.41,2.42,2.16,2.18
1674138600,2.17,2.18,1.99,2
1674225000,2.02,2.08,1.99,2.04
1674484200,2.06,2.15,2.06,2.13
1674570600,2.1,2.17,2.09,2.11
1674657000,2.1,2.135,2.05,2.12
1674743400,2.13,2.21,2.12,2.18
1674829800,2.18,2.285,2.17,2.22
1675089000,2.17,2.345,2.15,2.29
1675175400,2.29,2.34,2.215,2.26
1675261800,2.24,2.36,2.24,2.32
1675348200,2.34,2.555,2.34,2.45
1675434600,2.43,2.585,2.41,2.47
1675693800,2.45,2.47,2.27,2.32
1675780200,2.3,2.36,2.25,2.33
1675866600,2.3,2.475,2.3,2.38
1675953000,2.43,2.43,2.32,2.37
1676039400,2.32,2.35,2.24,2.31
1676298600,2.3,2.42,2.27,2.41
1676385000,2.38,2.705,2.35,2.58
1676471400,2.61,2.72,2.55,2.71
1676557800,2.69,2.91,2.6136,2.9
1676644200,2.94,2.94,2.6118,2.68
1676989800,2.62,2.63,2.5,2.5
1677076200,2.51,2.58,2.47,2.58
1677162600,2.82,3.22,2.79,3.19
1677249000,3.05,3.11,2.98,3.04
1677508200,3.13,3.1991,3.02,3.04
1677594600,3.07,3.18,2.98,3.03
1677681000,3.02,3.02,2.78,2.82
1677767400,2.78,2.95,2.78,2.95
1677853800,2.96,3.005,2.925,2.98
1678113000,2.91,2.94,2.68,2.72
1678199400,2.72,2.755,2.6,2.61
1678285800,2.6,2.65,2.55,2.59
1678372200,2.59,2.63,2.55,2.57
1678458600,2.54,2.57,2.43,2.45
1678714200,2.4,2.43,2.12,2.13
1678800600,2.17,2.233,2.15,2.16
1678887000,2.06,2.12,2.035,2.09
1678973400,2.08,2.12,2.02,2.08
1679059800,2.04,2.07,1.9431,2
1679319000,2.01,2.045,1.98,1.99
1679405400,2.01,2.1,2.01,2.02
1679491800,2.03,2.07,1.945,1.98
1679578200,2.01,2.02,1.83,1.86
1679664600,1.85,1.85,1.7948,1.83
1679923800,1.88,1.89,1.77,1.82
1680010200,1.78,1.83,1.745,1.81
1680096600,1.8,1.83,1.74,1.8
1680183000,1.8,1.835,1.78,1.82
1680269400,1.8,1.87,1.785,1.87
1680528600,1.85,1.87,1.81,1.83
1680615000,1.85,1.85,1.71,1.73
1680701400,1.72,1.72,1.65,1.65
1680787800,1.65,1.73,1.62,1.7
1681133400,1.7,1.81,1.68,1.8
1681219800,1.84,2.01,1.84,1.95
1681306200,2.01,2.01,1.94,1.98
1681392600,1.99,2.05,1.88,1.91
1681479000,1.91,1.94,1.82,1.83
1681738200,1.81,1.84,1.78,1.82
1681824600,1.82,1.88,1.78,1.79
1681911000,1.78,1.855,1.71,1.84
1681997400,1.82,1.85,1.79,1.81
1682083800,1.8,1.83,1.75,1.8
1682343000,1.8,1.87,1.7999,1.86
1682429400,1.85,1.85,1.79,1.82
1682515800,1.8,1.86,1.75,1.77
1682602200,1.8,1.8,1.75,1.78
1682688600,1.78,1.9,1.77,1.9
1682947800,1.87,1.96,1.855,1.94
1683034200,1.9,1.93,1.815,1.85
1683120600,1.86,2.03,1.86,1.98
1683207000,2.08,2.15,1.62,1.65
1683293400,1.69,2.01,1.655,2.01
1683552600,1.95,2.07,1.945,1.97
1683639000,1.91,1.99,1.88,1.94
1683725400,1.95,1.985,1.81,1.9
1683811800,1.87,2.01,1.8309,1.99
1683898200,1.95,2.05,1.935,2.03
1684157400,2.04,2.08,2.02,2.06
1684243800,2.08,2.08,2.005,2.03
1684330200,2.05,2.25,2.03,2.24
1684416600,2.23,2.3,2.2122,2.27
1684503000,2.31,2.31,2.1,2.12
1684762200,2.14,2.24,2.1,2.21
1684848600,2.21,2.32,2.1909,2.24
1684935000,2.22,2.25,2.12,2.16
1685021400,2.15,2.21,2.08,2.2
1685107800,2.21,2.31,2.2,2.27
1685453400,2.28,2.34,2.24,2.28
1685539800,2.27,2.29,2.13,2.22
1685626200,2.22,2.235,2.19,2.19
1685712600,2.21,2.29,2.19,2.25
1685971800,2.03,2.05,1.85,2
1686058200,1.99,2.18,1.91,2.06
1686144600,2.11,2.21,2.05,2.09
1686231000,2.1,2.12,1.985,2
1686317400,2.04,2.04,1.925,1.96
1686576600,1.93,2.025,1.83,2
1686663000,1.98,2.09,1.965,2
1686749400,2.01,2.04,1.865,1.91
1686835800,1.9,2,1.83,1.95
1686922200,1.89,1.985,1.86,1.87
1687267800,1.88,1.9,1.82,1.86
1687354200,1.83,1.94,1.8,1.92
1687440600,1.91,2.065,1.88,2.05
1687527000,2.02,2.17,2.02,2.1
1687786200,2.14,2.25,2.125,2.19
1687872600,2.22,2.38,2.185,2.33
1687959000,2.34,2.34,2.22,2.28
1688045400,2.29,2.345,2.25,2.28
1688131800,2.3,2.335,2.235,2.25
1688391000,2.26,2.3,2.19,2.22
1688563800,2.19,2.2,2.14,2.17
1688650200,2.14,2.145,2.05,2.1
1688736600,2.14,2.305,2.13,2.29
1688995800,2.25,2.44,2.25,2.4
1689082200,2.39,2.52,2.375,2.52
1689168600,2.56,2.725,2.5203,2.65
1689255000,2.65,2.73,2.59,2.72
1689341400,2.72,2.72,2.54,2.58
1689600600,2.57,2.67,2.52,2.62
1689687000,2.62,2.76,2.615,2.76
1689773400,2.76,2.78,2.69,2.72
1689859800,2.72,2.72,2.6193,2.66
1689946200,2.69,2.69,2.62,2.63
1690205400,2.61,2.66,2.54,2.54
1690291800,2.54,2.56,2.49,2.52
1690378200,2.53,2.62,2.51,2.6
1690464600,2.64,2.73,2.62,2.66
1690551000,2.69,2.745,2.665,2.72
1690810200,2.73,2.83,2.72,2.82
1690896600,2.82,2.82,2.72,2.81
1690983000,2.74,2.78,2.64,2.75
1691069400,2.83,3.25,2.825,3.11
1691155800,3,3.265,3,3.22
1691415000,3.23,3.545,3.15,3.52
1691501400,3.48,3.525,3.395,3.47
1691587800,3.46,3.4799,3.21,3.22
1691674200,3.28,3.425,3.215,3.34
1691760600,3.33,3.6,3.33,3.43
1692019800,3.37,3.38,3.21,3.23
1692106200,3.34,3.52,3.28,3.38
1692192600,3.35,3.5,3.24,3.26
1692279000,3.27,3.375,3.08,3.08
1692365400,3.03,3.07,2.9,2.92
1692624600,2.94,3.01,2.895,2.97
1692711000,2.98,3.05,2.955,2.96
1692797400,2.97,3.02,2.89,2.89
1692883800,2.89,2.915,2.75,2.77
1692970200,2.77,2.795,2.66,2.75
1693229400,2.75,2.885,2.75,2.87
1693315800,2.87,2.96,2.84,2.9
1693402200,2.9,2.93,2.81,2.82
1693488600,2.82,2.97,2.82,2.91
1693575000,2.92,3.015,2.89,2.95
1693920600,2.92,2.94,2.805,2.85
1694007000,2.86,2.9,2.69,2.73
1694093400,2.7,2.8501,2.7,2.77
1694179800,2.76,2.78,2.68,2.72
1694439000,2.73,2.82,2.72,2.78
1694525400,2.76,2.84,2.76,2.76
1694611800,2.75,2.78,2.695,2.73
1694698200,2.74,2.96,2.72,2.93
1694784600,2.9,2.9,2.65,2.66
1695043800,2.68,2.74,2.55,2.55
1695130200,2.55,2.6,2.535,2.57
1695216600,2.58,2.66,2.53,2.53
1695303000,2.5,2.66,2.5,2.58
1695389400,2.59,2.61,2.43,2.44
1695648600,2.41,2.51,2.405,2.47
1695735000,2.44,2.515,2.38,2.41
1695821400,2.41,2.46,2.335,2.35
1695907800,2.36,2.45,2.36,2.42
1695994200,2.43,2.5,2.425,2.45
1696253400,2.45,2.505,2.42,2.5
1696339800,2.5,2.52,2.38,2.42
1696426200,2.42,2.52,2.39,2.51
1696512600,2.49,2.56,2.435,2.51
1696599000,2.5,2.62,2.49,2.57
1696858200,2.52,2.58,2.47,2.56
1696944600,2.58,2.7,2.58,2.66
1697031000,2.7,2.72,2.6,2.63
1697117400,2.63,2.63,2.45,2.47
1697203800,2.45,2.51,2.38,2.46
1697463000,2.52,2.62,2.48,2.59
1697549400,2.58,2.74,2.58,2.66
1697635800,2.64,2.64,2.49,2.54
1697722200,2.56,2.56,2.48,2.48
1697808600,2.51,2.51,2.435,2.47
1698067800,2.41,2.475,2.37,2.42
1698154200,2.45,2.48,2.4,2.43
1698240600,2.4,2.4,2.22,2.25
1698327000,2.26,2.315,2.21,2.28
1698413400,2.26,2.32,2.205,2.25
1698672600,2.31,2.3299,2.245,2.3
1698759000,2.29,2.39,2.285,2.34
1698845400,2.33,2.34,2.25,2.3
1698931800,2.17,2.17,1.66,1.95
1699018200,1.95,2.06,1.95,1.96
1699281000,1.95,2.02,1.89,2
1699367400,2.02,2.02,1.93,1.95
1699453800,1.95,2.01,1.93,1.97
1699540200,1.97,1.98,1.87,1.88
1699626600,1.92,1.98,1.82,1.94
1699885800,1.93,1.95,1.84,1.84
1699972200,1.9,1.995,1.88,1.92
1700058600,1.92,1.945,1.825,1.83
1700145000,1.87,1.87,1.8,1.85
1700231400,1.87,1.9,1.86,1.88
1700490600,1.96,2.06,1.92,1.92
1700577000,1.9,2.05,1.8994,2.01
1700663400,2.01,2.09,2,2.03
1700836200,2.03,2.035,1.96,1.97
1701095400,1.95,2.04,1.93,2.02
1701181800,2.01,2.01,1.935,1.94
1701268200,1.95,2.01,1.91,1.95
1701354600,1.95,1.95,1.85,1.85
1701441000,1.84,1.95,1.83,1.93
1701700200,1.93,1.98,1.92,1.95
1701786600,1.95,1.95,1.865,1.88
1701873000,1.89,1.96,1.87,1.87
1701959400,1.88,1.92,1.855,1.92
1702045800,1.92,1.98,1.91,1.96
1702305000,1.92,1.97,1.89,1.89
1702391400,2.06,2.2499,2.02,2.21
1702477800,2.23,2.26,2.09,2.25
1702564200,2.31,2.445,2.285,2.41
1702650600,2.45,2.475,2.31,2.44
1702909800,2.45,2.47,2.38,2.43
1702996200,2.49,2.6,2.45,2.57
1703082600,2.58,2.585,2.485,2.53
1703169000,2.53,2.62,2.49,2.62
1703255400,2.62,2.62,2.56,2.59
1703601000,2.59,2.6,2.43,2.48
1703687400,2.51,2.51,2.365,2.46
1703773800,2.44,2.54,2.44,2.48